0.85,-0.783333333333
0.845041666667,-0.783333333333
0.838666666667,-0.783333333333
0.831125,-0.783333333333
0.822666666667,-0.783333333333
0.813541666667,-0.783333333333
0.804,-0.783333333333
0.794291666667,-0.783333333333
0.784666666667,-0.783333333333
0.775375,-0.783333333333
0.766666666667,-0.783333333333
0.766666666667,-0.783333333333
0.758333333333,-0.783295833333
0.75,-0.7832
0.741666666667,-0.783070833333
0.733333333333,-0.782933333333
0.725,-0.7828125
0.716666666667,-0.782733333333
0.708333333333,-0.782720833333
0.7,-0.7828
0.691666666667,-0.782995833333
0.683333333333,-0.783333333333
0.683333333333,-0.783333333333
0.6749625,-0.783829166667
0.666533333333,-0.784466666667
0.658070833333,-0.785220833333
0.6496,-0.786066666667
0.641145833333,-0.786979166667
0.632733333333,-0.787933333333
0.6243875,-0.788904166667
0.616133333333,-0.789866666667
0.607995833333,-0.790795833333
0.6,-0.791666666667
0.6,-0.791666666667
0.592125,-0.792425
0.584333333333,-0.793066666667
0.576625,-0.793641666667
0.569,-0.7942
0.561458333333,-0.794791666667
0.554,-0.795466666667
0.546625,-0.796275
0.539333333333,-0.797266666667
0.532125,-0.798491666667
0.525,-0.8
0.525,-0.8
0.517958333333,-0.80175
0.511,-0.803666666667
0.504125,-0.80575
0.497333333333,-0.808
0.490625,-0.810416666667
0.484,-0.813
0.477458333333,-0.81575
0.471,-0.818666666667
0.464625,-0.82175
0.458333333333,-0.825
0.458333333333,-0.825
0.4521625,-0.828566666667
0.446133333333,-0.832533333333
0.440220833333,-0.8368
0.4344,-0.841266666667
0.428645833333,-0.845833333333
0.422933333333,-0.8504
0.4172375,-0.854866666667
0.411533333333,-0.859133333333
0.405795833333,-0.8631
0.4,-0.866666666667
0.4,-0.866666666667
0.394166666667,-0.869729166667
0.388333333333,-0.872333333333
0.3825,-0.874604166667
0.376666666667,-0.876666666667
0.370833333333,-0.878645833333
0.365,-0.880666666667
0.359166666667,-0.882854166667
0.353333333333,-0.885333333333
0.3475,-0.888229166667
0.341666666667,-0.891666666667
0.341666666667,-0.891666666667
0.335758333333,-0.895691666667
0.329733333333,-0.9002
0.323641666667,-0.905091666667
0.317533333333,-0.910266666667
0.311458333333,-0.915625
0.305466666667,-0.921066666667
0.299608333333,-0.926491666667
0.293933333333,-0.9318
0.288491666667,-0.936891666667
0.283333333333,-0.941666666667
0.283333333333,-0.941666666667
0.278454166667,-0.946095833333
0.2738,-0.950266666667
0.269345833333,-0.954254166667
0.265066666667,-0.958133333333
0.2609375,-0.961979166667
0.256933333333,-0.965866666667
0.253029166667,-0.969870833333
0.2492,-0.974066666667
0.245420833333,-0.978529166667
0.241666666667,-0.983333333333
0.241666666667,-0.983333333333
0.237920833333,-0.988454166667
0.2342,-0.9938
0.230529166667,-0.999345833333
0.226933333333,-1.00506666667
0.2234375,-1.0109375
0.220066666667,-1.01693333333
0.216845833333,-1.02302916667
0.2138,-1.0292
0.210954166667,-1.03542083333
0.208333333333,-1.04166666667
0.208333333333,-1.04166666667
0.205991666667,-1.04799583333
0.203933333333,-1.05446666667
0.202108333333,-1.06105416667
0.200466666667,-1.06773333333
0.198958333333,-1.07447916667
0.197533333333,-1.08126666667
0.196141666667,-1.08807083333
0.194733333333,-1.09486666667
0.193258333333,-1.10162916667
0.191666666667,-1.10833333333
0.191666666667,-1.10833333333
0.18985,-1.1149625
0.1878,-1.12153333333
0.185616666667,-1.12807083333
0.1834,-1.1346
0.18125,-1.14114583333
0.179266666667,-1.14773333333
0.17755,-1.1543875
0.1762,-1.16113333333
0.175316666667,-1.16799583333
0.175,-1.175
0.175,-1.175
0.175354166667,-1.182125
0.176333333333,-1.18933333333
0.1778125,-1.196625
0.179666666667,-1.204
0.181770833333,-1.21145833333
0.184,-1.219
0.186229166667,-1.226625
0.188333333333,-1.23433333333
0.1901875,-1.242125
0.191666666667,-1.25
0.191666666667,-1.25
0.1928,-1.25799583333
0.193733333333,-1.26613333333
0.194516666667,-1.2743875
0.1952,-1.28273333333
0.195833333333,-1.29114583333
0.196466666667,-1.2996
0.19715,-1.30807083333
0.197933333333,-1.31653333333
0.198866666667,-1.3249625
0.2,-1.33333333333
0.2,-1.33333333333
0.201291666667,-1.34170416667
0.202666666667,-1.35013333333
0.204125,-1.35859583333
0.205666666667,-1.36706666667
0.207291666667,-1.37552083333
0.209,-1.38393333333
0.210791666667,-1.39227916667
0.212666666667,-1.40053333333
0.214625,-1.40867083333
0.216666666667,-1.41666666667
0.216666666667,-1.41666666667
0.218641666667,-1.42446666667
0.220466666667,-1.43206666667
0.222241666667,-1.43951666667
0.224066666667,-1.44686666667
0.226041666667,-1.45416666667
0.228266666667,-1.46146666667
0.230841666667,-1.46881666667
0.233866666667,-1.47626666667
0.237441666667,-1.48386666667
0.241666666667,-1.49166666667
0.241666666667,-1.49166666667
0.246720833333,-1.4996625
0.2526,-1.5078
0.259129166667,-1.51605416667
0.266133333333,-1.5244
0.2734375,-1.5328125
0.280866666667,-1.54126666667
0.288245833333,-1.5497375
0.2954,-1.5582
0.302154166667,-1.56662916667
0.308333333333,-1.575
0.308333333333,-1.575
0.313933333333,-1.58344583333
0.319133333333,-1.59206666667
0.324033333333,-1.6007875
0.328733333333,-1.60953333333
0.333333333333,-1.61822916667
0.337933333333,-1.6268
0.342633333333,-1.63517083333
0.347533333333,-1.64326666667
0.352733333333,-1.6510125
0.358333333333,-1.65833333333
0.358333333333,-1.65833333333
0.3644375,-1.66525416667
0.371,-1.67186666667
0.377895833333,-1.67819583333
0.385,-1.68426666667
0.3921875,-1.69010416667
0.399333333333,-1.69573333333
0.4063125,-1.70117916667
0.413,-1.70646666667
0.419270833333,-1.71162083333
0.425,-1.71666666667
0.425,-1.71666666667
0.430141666667,-1.72143333333
0.4348,-1.7258
0.439075,-1.72986666667
0.443066666667,-1.73373333333
0.446875,-1.7375
0.4506,-1.74126666667
0.454341666667,-1.74513333333
0.4582,-1.7492
0.462275,-1.75356666667
0.466666666667,-1.75833333333
0.466666666667,-1.75833333333
0.471291666667,-1.76360416667
0.476,-1.76933333333
0.480791666667,-1.77539583333
0.485666666667,-1.78166666667
0.490625,-1.78802083333
0.495666666667,-1.79433333333
0.500791666667,-1.80047916667
0.506,-1.80633333333
0.511291666667,-1.81177083333
0.516666666667,-1.81666666667
0.516666666667,-1.81666666667
0.52205,-1.820975
0.5274,-1.8248
0.532766666667,-1.82824166667
0.5382,-1.8314
0.54375,-1.834375
0.549466666667,-1.83726666667
0.5554,-1.840175
0.5616,-1.8432
0.568116666667,-1.84644166667
0.575,-1.85
0.575,-1.85
0.582133333333,-1.85382916667
0.5894,-1.8578
0.59685,-1.8618875
0.604533333333,-1.86606666667
0.6125,-1.8703125
0.6208,-1.8746
0.629483333333,-1.87890416667
0.6386,-1.8832
0.6482,-1.8874625
0.658333333333,-1.89166666667
0.658333333333,-1.89166666667
0.669220833333,-1.89602083333
0.680933333333,-1.90066666667
0.693295833333,-1.90547916667
0.706133333333,-1.91033333333
0.719270833333,-1.91510416667
0.732533333333,-1.91966666667
0.745745833333,-1.92389583333
0.758733333333,-1.92766666667
0.771320833333,-1.93085416667
0.783333333333,-1.93333333333
0.783333333333,-1.93333333333
0.794841666667,-1.93502083333
0.806066666667,-1.936
0.817058333333,-1.93639583333
0.827866666667,-1.93633333333
0.838541666667,-1.9359375
0.849133333333,-1.93533333333
0.859691666667,-1.93464583333
0.870266666667,-1.934
0.880908333333,-1.93352083333
0.891666666667,-1.93333333333
0.891666666667,-1.93333333333
0.902575,-1.93340833333
0.9136,-1.9336
0.924691666667,-1.93385833333
0.9358,-1.93413333333
0.946875,-1.934375
0.957866666667,-1.93453333333
0.968725,-1.93455833333
0.9794,-1.9344
0.989841666667,-1.93400833333
1.0,-1.93333333333
1.0,-1.93333333333
1.00995416667,-1.93241666667
1.0198,-1.93133333333
1.0295125,-1.93008333333
1.03906666667,-1.92866666667
1.0484375,-1.92708333333
1.0576,-1.92533333333
1.06652916667,-1.92341666667
1.0752,-1.92133333333
1.0835875,-1.91908333333
1.09166666667,-1.91666666667
1.09166666667,-1.91666666667
1.09942083333,-1.91412083333
1.10686666667,-1.91146666667
1.11402916667,-1.90867916667
1.12093333333,-1.90573333333
1.12760416667,-1.90260416667
1.13406666667,-1.89926666667
1.14034583333,-1.89569583333
1.14646666667,-1.89186666667
1.15245416667,-1.88775416667
1.15833333333,-1.88333333333
1.15833333333,-1.88333333333
1.16412083333,-1.8786625
1.1698,-1.8738
1.17534583333,-1.86872083333
1.18073333333,-1.8634
1.1859375,-1.8578125
1.19093333333,-1.85193333333
1.19569583333,-1.8457375
1.2002,-1.8392
1.20442083333,-1.83229583333
1.20833333333,-1.825
1.20833333333,-1.825
1.21199583333,-1.81707083333
1.21546666667,-1.8084
1.21872083333,-1.7991625
1.22173333333,-1.78953333333
1.22447916667,-1.7796875
1.22693333333,-1.7698
1.22907083333,-1.76004583333
1.23086666667,-1.7506
1.23229583333,-1.7416375
1.23333333333,-1.73333333333
1.23333333333,-1.73333333333
1.23415,-1.72546666667
1.23486666667,-1.71773333333
1.23538333333,-1.71018333333
1.2356,-1.70286666667
1.23541666667,-1.69583333333
1.23473333333,-1.68913333333
1.23345,-1.68281666667
1.23146666667,-1.67693333333
1.22868333333,-1.67153333333
1.225,-1.66666666667
1.225,-1.66666666667
1.2202,-1.66240416667
1.21426666667,-1.65873333333
1.2074,-1.65557916667
1.1998,-1.65286666667
1.19166666667,-1.65052083333
1.1832,-1.64846666667
1.1746,-1.64662916667
1.16606666667,-1.64493333333
1.1578,-1.64330416667
1.15,-1.64166666667
1.15,-1.64166666667
1.1425375,-1.64012083333
1.13513333333,-1.6388
1.1277625,-1.63767916667
1.1204,-1.63673333333
1.11302083333,-1.6359375
1.1056,-1.63526666667
1.0981125,-1.63469583333
1.09053333333,-1.6342
1.0828375,-1.63375416667
1.075,-1.63333333333
1.075,-1.63333333333
1.06696666667,-1.63292083333
1.05873333333,-1.63253333333
1.05035,-1.63219583333
1.04186666667,-1.63193333333
1.03333333333,-1.63177083333
1.0248,-1.63173333333
1.01631666667,-1.63184583333
1.00793333333,-1.63213333333
0.9997,-1.63262083333
0.991666666667,-1.63333333333
0.991666666667,-1.63333333333
0.983829166667,-1.6344
0.976133333333,-1.63586666667
0.968554166667,-1.63763333333
0.961066666667,-1.6396
0.953645833333,-1.64166666667
0.946266666667,-1.64373333333
0.938904166667,-1.6457
0.931533333333,-1.64746666667
0.924129166667,-1.64893333333
0.916666666667,-1.65
0.916666666667,-1.65
0.909129166667,-1.6506
0.901533333333,-1.6508
0.893904166667,-1.6507
0.886266666667,-1.6504
0.878645833333,-1.65
0.871066666667,-1.6496
0.863554166667,-1.6493
0.856133333333,-1.6492
0.848829166667,-1.6494
0.841666666667,-1.65
0.841666666667,-1.65
0.8347375,-1.65106666667
0.828066666667,-1.65253333333
0.821579166667,-1.6543
0.8152,-1.65626666667
0.808854166667,-1.65833333333
0.802466666667,-1.6604
0.7959625,-1.66236666667
0.789266666667,-1.66413333333
0.782304166667,-1.6656
0.775,-1.66666666667
0.775,-1.66666666667
0.767341666667,-1.66741666667
0.7594,-1.668
0.751225,-1.66841666667
0.742866666667,-1.66866666667
0.734375,-1.66875
0.7258,-1.66866666667
0.717191666667,-1.66841666667
0.7086,-1.668
0.700075,-1.66741666667
0.691666666667,-1.66666666667
0.691666666667,-1.66666666667
0.683258333333,-1.66575
0.674733333333,-1.66466666667
0.666141666667,-1.66341666667
0.657533333333,-1.662
0.648958333333,-1.66041666667
0.640466666667,-1.65866666667
0.632108333333,-1.65675
0.623933333333,-1.65466666667
0.615991666667,-1.65241666667
0.608333333333,-1.65
0.608333333333,-1.65
0.600916666667,-1.64737916667
0.593666666667,-1.64453333333
0.586583333333,-1.6414875
0.579666666667,-1.63826666667
0.572916666667,-1.63489583333
0.566333333333,-1.6314
0.559916666667,-1.62780416667
0.553666666667,-1.62413333333
0.547583333333,-1.6204125
0.541666666667,-1.61666666667
0.541666666667,-1.61666666667
0.535991666667,-1.612875
0.5306,-1.609
0.525441666667,-1.60504166667
0.520466666667,-1.601
0.515625,-1.596875
0.510866666667,-1.59266666667
0.506141666667,-1.588375
0.5014,-1.584
0.496591666667,-1.57954166667
0.491666666667,-1.575
0.491666666667,-1.575
0.486591666667,-1.570375
0.4814,-1.56566666667
0.476141666667,-1.560875
0.470866666667,-1.556
0.465625,-1.55104166667
0.460466666667,-1.546
0.455441666667,-1.540875
0.4506,-1.53566666667
0.445991666667,-1.530375
0.441666666667,-1.525
0.441666666667,-1.525
0.437620833333,-1.51950416667
0.4338,-1.51386666667
0.430179166667,-1.5081125
0.426733333333,-1.50226666667
0.4234375,-1.49635416667
0.420266666667,-1.4904
0.417195833333,-1.48442916667
0.4142,-1.47846666667
0.411254166667,-1.4725375
0.408333333333,-1.46666666667
0.408333333333,-1.46666666667
0.405420833333,-1.46094583333
0.402533333333,-1.4554
0.399695833333,-1.44995416667
0.396933333333,-1.44453333333
0.394270833333,-1.4390625
0.391733333333,-1.43346666667
0.389345833333,-1.42767083333
0.387133333333,-1.4216
0.385120833333,-1.41517916667
0.383333333333,-1.40833333333
0.383333333333,-1.40833333333
0.3817875,-1.40105
0.380466666667,-1.3934
0.379345833333,-1.38543333333
0.3784,-1.3772
0.377604166667,-1.36875
0.376933333333,-1.36013333333
0.3763625,-1.3514
0.375866666667,-1.3426
0.375420833333,-1.33378333333
0.375,-1.325
0.375,-1.325
0.37455,-1.31605833333
0.374066666667,-1.3068
0.3736,-1.297325
0.3732,-1.28773333333
0.372916666667,-1.278125
0.3728,-1.2686
0.3729,-1.25925833333
0.373266666667,-1.2502
0.37395,-1.241525
0.375,-1.23333333333
0.375,-1.23333333333
0.37645,-1.22557916667
0.378266666667,-1.21813333333
0.3804,-1.21097083333
0.3828,-1.20406666667
0.385416666667,-1.19739583333
0.3882,-1.19093333333
0.3911,-1.18465416667
0.394066666667,-1.17853333333
0.39705,-1.17254583333
0.4,-1.16666666667
0.4,-1.16666666667
0.402920833333,-1.16091666667
0.405866666667,-1.15533333333
0.4088625,-1.14991666667
0.411933333333,-1.14466666667
0.415104166667,-1.13958333333
0.4184,-1.13466666667
0.421845833333,-1.12991666667
0.425466666667,-1.12533333333
0.4292875,-1.12091666667
0.433333333333,-1.11666666667
0.433333333333,-1.11666666667
0.437470833333,-1.11250833333
0.4416,-1.1084
0.445795833333,-1.10439166667
0.450133333333,-1.10053333333
0.4546875,-1.096875
0.459533333333,-1.09346666667
0.464745833333,-1.09035833333
0.4704,-1.0876
0.476570833333,-1.08524166667
0.483333333333,-1.08333333333
0.483333333333,-1.08333333333
0.49085,-1.08198333333
0.499133333333,-1.0812
0.508033333333,-1.08088333333
0.5174,-1.08093333333
0.527083333333,-1.08125
0.536933333333,-1.08173333333
0.5468,-1.08228333333
0.556533333333,-1.0828
0.565983333333,-1.08318333333
0.575,-1.08333333333
0.575,-1.08333333333
0.583670833333,-1.08333333333
0.5922,-1.08333333333
0.6006125,-1.08333333333
0.608933333333,-1.08333333333
0.6171875,-1.08333333333
0.6254,-1.08333333333
0.633595833333,-1.08333333333
0.6418,-1.08333333333
0.6500375,-1.08333333333
0.658333333333,-1.08333333333
0.658333333333,-1.08333333333
0.666741666667,-1.08322083333
0.675266666667,-1.08293333333
0.683858333333,-1.08254583333
0.692466666667,-1.08213333333
0.701041666667,-1.08177083333
0.709533333333,-1.08153333333
0.717891666667,-1.08149583333
0.726066666667,-1.08173333333
0.734008333333,-1.08232083333
0.741666666667,-1.08333333333
0.741666666667,-1.08333333333
0.749045833333,-1.08482083333
0.7562,-1.08673333333
0.763154166667,-1.08899583333
0.769933333333,-1.09153333333
0.7765625,-1.09427083333
0.783066666667,-1.09713333333
0.789470833333,-1.10004583333
0.7958,-1.10293333333
0.802079166667,-1.10572083333
0.808333333333,-1.10833333333
0.808333333333,-1.10833333333
0.814541666667,-1.11079583333
0.820666666667,-1.1132
0.826708333333,-1.11557083333
0.832666666667,-1.11793333333
0.838541666667,-1.1203125
0.844333333333,-1.12273333333
0.850041666667,-1.12522083333
0.855666666667,-1.1278
0.861208333333,-1.13049583333
0.866666666667,-1.13333333333
0.866666666667,-1.13333333333
0.871891666667,-1.13644166667
0.8768,-1.13986666667
0.881491666667,-1.14350833333
0.886066666667,-1.14726666667
0.890625,-1.15104166667
0.895266666667,-1.15473333333
0.900091666667,-1.15824166667
0.9052,-1.16146666667
0.910691666667,-1.16430833333
0.916666666667,-1.16666666667
0.916666666667,-1.16666666667
0.923116666667,-1.16855
0.929933333333,-1.17006666667
0.937066666667,-1.17126666667
0.944466666667,-1.1722
0.952083333333,-1.17291666667
0.959866666667,-1.17346666667
0.967766666667,-1.1739
0.975733333333,-1.17426666667
0.983716666667,-1.17461666667
0.991666666667,-1.175
0.991666666667,-1.175
0.9997,-1.1754125
1.00793333333,-1.1758
1.01631666667,-1.1761375
1.0248,-1.1764
1.03333333333,-1.1765625
1.04186666667,-1.1766
1.05035,-1.1764875
1.05873333333,-1.1762
1.06696666667,-1.1757125
1.075,-1.175
1.075,-1.175
1.0829125,-1.17408333333
1.0908,-1.173
1.0986375,-1.17175
1.1064,-1.17033333333
1.1140625,-1.16875
1.1216,-1.167
1.1289875,-1.16508333333
1.1362,-1.163
1.1432125,-1.16075
1.15,-1.15833333333
1.15,-1.15833333333
1.15650833333,-1.1557125
1.16273333333,-1.15286666667
1.168725,-1.14982083333
1.17453333333,-1.1466
1.18020833333,-1.14322916667
1.1858,-1.13973333333
1.19135833333,-1.1361375
1.19693333333,-1.13246666667
1.202575,-1.12874583333
1.20833333333,-1.125
1.20833333333,-1.125
1.21424166667,-1.12135833333
1.22026666667,-1.11786666667
1.22635833333,-1.114425
1.23246666667,-1.11093333333
1.23854166667,-1.10729166667
1.24453333333,-1.1034
1.25039166667,-1.09915833333
1.25606666667,-1.09446666667
1.26150833333,-1.089225
1.26666666667,-1.08333333333
1.26666666667,-1.08333333333
1.27143333333,-1.0766875
1.2758,-1.06933333333
1.27986666667,-1.06139583333
1.28373333333,-1.053
1.2875,-1.04427083333
1.29126666667,-1.03533333333
1.29513333333,-1.0263125
1.2992,-1.01733333333
1.30356666667,-1.00852083333
1.30833333333,-1.0
1.30833333333,-1.0
1.31360416667,-0.991741666667
1.31933333333,-0.9836
1.32539583333,-0.975525
1.33166666667,-0.967466666667
1.33802083333,-0.959375
1.34433333333,-0.9512
1.35047916667,-0.942891666667
1.35633333333,-0.9344
1.36177083333,-0.925675
1.36666666667,-0.916666666667
1.36666666667,-0.916666666667
1.3709375,-0.907304166667
1.37466666667,-0.8976
1.37797916667,-0.887629166667
1.381,-0.877466666667
1.38385416667,-0.8671875
1.38666666667,-0.856866666667
1.3895625,-0.846579166667
1.39266666667,-0.8364
1.39610416667,-0.826404166667
1.4,-0.816666666667
1.4,-0.816666666667
1.4044375,-0.807125
1.40933333333,-0.797666666667
1.4145625,-0.788291666667
1.42,-0.779
1.42552083333,-0.769791666667
1.431,-0.760666666667
1.4363125,-0.751625
1.44133333333,-0.742666666667
1.4459375,-0.733791666667
1.45,-0.725
1.45,-0.725
1.45385,-0.716179166667
1.4578,-0.707266666667
1.4617,-0.6983375
1.4654,-0.689466666667
1.46875,-0.680729166667
1.4716,-0.6722
1.4738,-0.663954166667
1.4752,-0.656066666667
1.47565,-0.6486125
1.475,-0.641666666667
1.475,-0.641666666667
1.47315,-0.635204166667
1.4702,-0.629133333333
1.4663,-0.623429166667
1.4616,-0.618066666667
1.45625,-0.613020833333
1.4504,-0.608266666667
1.4442,-0.603779166667
1.4378,-0.599533333333
1.43135,-0.595504166667
1.425,-0.591666666667
1.425,-0.591666666667
1.418475,-0.588116666667
1.41146666667,-0.584933333333
1.404075,-0.582066666667
1.3964,-0.579466666667
1.38854166667,-0.577083333333
1.3806,-0.574866666667
1.372675,-0.572766666667
1.36486666667,-0.570733333333
1.357275,-0.568716666667
1.35,-0.566666666667
1.35,-0.566666666667
1.34303333333,-0.564625
1.33626666667,-0.562666666667
1.32965,-0.560791666667
1.32313333333,-0.559
1.31666666667,-0.557291666667
1.3102,-0.555666666667
1.30368333333,-0.554125
1.29706666667,-0.552666666667
1.2903,-0.551291666667
1.28333333333,-0.55
1.28333333333,-0.55
1.27628333333,-0.548904166667
1.26926666667,-0.548066666667
1.26223333333,-0.5474125
1.25513333333,-0.546866666667
1.24791666667,-0.546354166667
1.24053333333,-0.5458
1.23293333333,-0.545129166667
1.22506666667,-0.544266666667
1.21688333333,-0.5431375
1.20833333333,-0.541666666667
1.20833333333,-0.541666666667
1.19923333333,-0.539841666667
1.18953333333,-0.537733333333
1.17938333333,-0.535391666667
1.16893333333,-0.532866666667
1.15833333333,-0.530208333333
1.14773333333,-0.527466666667
1.13728333333,-0.524691666667
1.12713333333,-0.521933333333
1.11743333333,-0.519241666667
1.10833333333,-0.516666666667
1.10833333333,-0.516666666667
1.09982083333,-0.514129166667
1.09173333333,-0.511533333333
1.08399583333,-0.508904166667
1.07653333333,-0.506266666667
1.06927083333,-0.503645833333
1.06213333333,-0.501066666667
1.05504583333,-0.498554166667
1.04793333333,-0.496133333333
1.04072083333,-0.493829166667
1.03333333333,-0.491666666667
1.03333333333,-0.491666666667
1.02583333333,-0.489625
1.01833333333,-0.487666666667
1.01083333333,-0.485791666667
1.00333333333,-0.484
0.995833333333,-0.482291666667
0.988333333333,-0.480666666667
0.980833333333,-0.479125
0.973333333333,-0.477666666667
0.965833333333,-0.476291666667
0.958333333333,-0.475
0.958333333333,-0.475
0.950870833333,-0.473791666667
0.943466666667,-0.472666666667
0.936095833333,-0.471625
0.928733333333,-0.470666666667
0.921354166667,-0.469791666667
0.913933333333,-0.469
0.906445833333,-0.468291666667
0.898866666667,-0.467666666667
0.891170833333,-0.467125
0.883333333333,-0.466666666667
0.883333333333,-0.466666666667
0.8753,-0.466366666667
0.867066666667,-0.466266666667
0.858683333333,-0.466316666667
0.8502,-0.466466666667
0.841666666667,-0.466666666667
0.833133333333,-0.466866666667
0.82465,-0.467016666667
0.816266666667,-0.467066666667
0.808033333333,-0.466966666667
0.8,-0.466666666667
0.8,-0.466666666667
0.7922,-0.466020833333
0.7846,-0.465
0.77715,-0.463729166667
0.7698,-0.462333333333
0.7625,-0.4609375
0.7552,-0.459666666667
0.74785,-0.458645833333
0.7404,-0.458
0.7328,-0.457854166667
0.725,-0.458333333333
0.725,-0.458333333333
0.716929166667,-0.459520833333
0.7086,-0.461333333333
0.7000875,-0.463645833333
0.691466666667,-0.466333333333
0.6828125,-0.469270833333
0.6742,-0.472333333333
0.665704166667,-0.475395833333
0.6574,-0.478333333333
0.6493625,-0.481020833333
0.641666666667,-0.483333333333
0.641666666667,-0.483333333333
0.6342875,-0.4852625
0.627133333333,-0.486933333333
0.620179166667,-0.488420833333
0.6134,-0.4898
0.606770833333,-0.491145833333
0.600266666667,-0.492533333333
0.5938625,-0.4940375
0.587533333333,-0.495733333333
0.581254166667,-0.497695833333
0.575,-0.5
0.575,-0.5
0.568866666667,-0.502733333333
0.562933333333,-0.505866666667
0.55715,-0.5093
0.551466666667,-0.512933333333
0.545833333333,-0.516666666667
0.5402,-0.5204
0.534516666667,-0.524033333333
0.528733333333,-0.527466666667
0.5228,-0.5306
0.516666666667,-0.533333333333
0.516666666667,-0.533333333333
0.5103375,-0.5358625
0.503866666667,-0.5384
0.497279166667,-0.540870833333
0.4906,-0.5432
0.483854166667,-0.5453125
0.477066666667,-0.547133333333
0.4702625,-0.5485875
0.463466666667,-0.5496
0.456704166667,-0.550095833333
0.45,-0.55
0.45,-0.55
0.443370833333,-0.54945
0.4368,-0.5486
0.4302625,-0.5474
0.423733333333,-0.5458
0.4171875,-0.54375
0.4106,-0.5412
0.403945833333,-0.5381
0.3972,-0.5344
0.3903375,-0.53005
0.383333333333,-0.525
0.383333333333,-0.525
0.376058333333,-0.518954166667
0.368466666667,-0.5118
0.360658333333,-0.5037625
0.352733333333,-0.495066666667
0.344791666667,-0.4859375
0.336933333333,-0.4766
0.329258333333,-0.467279166667
0.321866666667,-0.4582
0.314858333333,-0.4495875
0.308333333333,-0.441666666667
0.308333333333,-0.441666666667
0.302245833333,-0.43425
0.296466666667,-0.427
0.290970833333,-0.419916666667
0.285733333333,-0.413
0.280729166667,-0.40625
0.275933333333,-0.399666666667
0.271320833333,-0.39325
0.266866666667,-0.387
0.262545833333,-0.380916666667
0.258333333333,-0.375
0.258333333333,-0.375
0.25425,-0.3694
0.250333333333,-0.3642
0.246583333333,-0.3593
0.243,-0.3546
0.239583333333,-0.35
0.236333333333,-0.3454
0.23325,-0.3407
0.230333333333,-0.3358
0.227583333333,-0.3306
0.225,-0.325
0.225,-0.325
0.222658333333,-0.319045833333
0.2206,-0.312866666667
0.218775,-0.3064875
0.217133333333,-0.299933333333
0.215625,-0.293229166667
0.2142,-0.2864
0.212808333333,-0.279470833333
0.2114,-0.272466666667
0.209925,-0.2654125
0.208333333333,-0.258333333333
0.208333333333,-0.258333333333
0.206516666667,-0.251283333333
0.204466666667,-0.244266666667
0.202283333333,-0.237233333333
0.200066666667,-0.230133333333
0.197916666667,-0.222916666667
0.195933333333,-0.215533333333
0.194216666667,-0.207933333333
0.192866666667,-0.200066666667
0.191983333333,-0.191883333333
0.191666666667,-0.183333333333
0.191666666667,-0.183333333333
0.191908333333,-0.174233333333
0.1926,-0.164533333333
0.193691666667,-0.154383333333
0.195133333333,-0.143933333333
0.196875,-0.133333333333
0.198866666667,-0.122733333333
0.201058333333,-0.112283333333
0.2034,-0.102133333333
0.205841666667,-0.0924333333333
0.208333333333,-0.0833333333333
0.208333333333,-0.0833333333333
0.210879166667,-0.0750083333333
0.213533333333,-0.0674
0.216320833333,-0.0603083333333
0.219266666667,-0.0535333333333
0.222395833333,-0.046875
0.225733333333,-0.0401333333333
0.229304166667,-0.0331083333333
0.233133333333,-0.0256
0.237245833333,-0.0174083333333
0.241666666667,-0.00833333333333
0.241666666667,-0.00833333333333
0.2464875,0.00175833333333
0.251733333333,0.0127333333333
0.257329166667,0.0243916666667
0.2632,0.0365333333333
0.269270833333,0.0489583333333
0.275466666667,0.0614666666667
0.2817125,0.0738583333333
0.287933333333,0.0859333333333
0.294054166667,0.0974916666667
0.3,0.108333333333
0.3,0.108333333333
0.305908333333,0.1184375
0.311933333333,0.128
0.318025,0.137145833333
0.324133333333,0.146
0.330208333333,0.1546875
0.3362,0.163333333333
0.342058333333,0.1720625
0.347733333333,0.181
0.353175,0.190270833333
0.358333333333,0.2
0.358333333333,0.2
0.3631,0.210308333333
0.367466666667,0.221133333333
0.371533333333,0.232325
0.3754,0.243733333333
0.379166666667,0.255208333333
0.382933333333,0.2666
0.3868,0.277758333333
0.390866666667,0.288533333333
0.395233333333,0.298775
0.4,0.308333333333
0.4,0.308333333333
0.405233333333,0.317333333333
0.410866666667,0.326
0.4168,0.334333333333
0.422933333333,0.342333333333
0.429166666667,0.35
0.4354,0.357333333333
0.441533333333,0.364333333333
0.447466666667,0.371
0.4531,0.377333333333
0.458333333333,0.383333333333
0.458333333333,0.383333333333
0.4631,0.388925
0.467466666667,0.394066666667
0.471533333333,0.398808333333
0.4754,0.4032
0.479166666667,0.407291666667
0.482933333333,0.411133333333
0.4868,0.414775
0.490866666667,0.418266666667
0.495233333333,0.421658333333
0.5,0.425
0.5,0.425
0.505083333333,0.4283625
0.510333333333,0.431733333333
0.51575,0.4350375
0.521333333333,0.4382
0.527083333333,0.441145833333
0.533,0.4438
0.539083333333,0.4460875
0.545333333333,0.447933333333
0.55175,0.4492625
0.558333333333,0.45
0.558333333333,0.45
0.565345833333,0.450170833333
0.572933333333,0.449866666667
0.580920833333,0.4491125
0.589133333333,0.447933333333
0.597395833333,0.446354166667
0.605533333333,0.4444
0.613370833333,0.442095833333
0.620733333333,0.439466666667
0.627445833333,0.4365375
0.633333333333,0.433333333333
0.633333333333,0.433333333333
0.638466666667,0.429870833333
0.643066666667,0.426133333333
0.647183333333,0.422095833333
0.650866666667,0.417733333333
0.654166666667,0.413020833333
0.657133333333,0.407933333333
0.659816666667,0.402445833333
0.662266666667,0.396533333333
0.664533333333,0.390170833333
0.666666666667,0.383333333333
0.666666666667,0.383333333333
0.66855,0.375816666667
0.670066666667,0.367533333333
0.671266666667,0.358633333333
0.6722,0.349266666667
0.672916666667,0.339583333333
0.673466666667,0.329733333333
0.6739,0.319866666667
0.674266666667,0.310133333333
0.674616666667,0.300683333333
0.675,0.291666666667
0.675,0.291666666667
0.6754875,0.282920833333
0.676066666667,0.2742
0.6766625,0.265529166667
0.6772,0.256933333333
0.677604166667,0.2484375
0.6778,0.240066666667
0.6777125,0.231845833333
0.677266666667,0.2238
0.6763875,0.215954166667
0.675,0.208333333333
0.675,0.208333333333
0.673016666667,0.201029166667
0.670466666667,0.194066666667
0.66745,0.187370833333
0.664066666667,0.180866666667
0.660416666667,0.174479166667
0.6566,0.168133333333
0.652716666667,0.161754166667
0.648866666667,0.155266666667
0.64515,0.148595833333
0.641666666667,0.141666666667
0.641666666667,0.141666666667
0.638295833333,0.134429166667
0.634866666667,0.126933333333
0.631404166667,0.119254166667
0.627933333333,0.111466666667
0.624479166667,0.103645833333
0.621066666667,0.0958666666667
0.617720833333,0.0882041666667
0.614466666667,0.0807333333333
0.611329166667,0.0735291666667
0.608333333333,0.0666666666667
0.608333333333,0.0666666666667
0.605570833333,0.0602333333333
0.603066666667,0.0542
0.600745833333,0.0484666666667
0.598533333333,0.0429333333333
0.596354166667,0.0375
0.594133333333,0.0320666666667
0.591795833333,0.0265333333333
0.589266666667,0.0208
0.586470833333,0.0147666666667
0.583333333333,0.00833333333333
0.583333333333,0.00833333333333
0.579766666667,0.00147083333333
0.5758,-0.00573333333333
0.571533333333,-0.0132041666667
0.567066666667,-0.0208666666667
0.5625,-0.0286458333333
0.557933333333,-0.0364666666667
0.553466666667,-0.0442541666667
0.5492,-0.0519333333333
0.545233333333,-0.0594291666667
0.541666666667,-0.0666666666667
0.541666666667,-0.0666666666667
0.538416666667,-0.0736333333333
0.535333333333,-0.0804
0.532416666667,-0.0870166666667
0.529666666667,-0.0935333333333
0.527083333333,-0.1
0.524666666667,-0.106466666667
0.522416666667,-0.112983333333
0.520333333333,-0.1196
0.518416666667,-0.126366666667
0.516666666667,-0.133333333333
0.516666666667,-0.133333333333
0.514895833333,-0.140570833333
0.513,-0.148066666667
0.511104166667,-0.155745833333
0.509333333333,-0.163533333333
0.5078125,-0.171354166667
0.506666666667,-0.179133333333
0.506020833333,-0.186795833333
0.506,-0.194266666667
0.506729166667,-0.201470833333
0.508333333333,-0.208333333333
0.508333333333,-0.208333333333
0.510895833333,-0.215029166667
0.514333333333,-0.221733333333
0.518520833333,-0.228370833333
0.523333333333,-0.234866666667
0.528645833333,-0.241145833333
0.534333333333,-0.247133333333
0.540270833333,-0.252754166667
0.546333333333,-0.257933333333
0.552395833333,-0.262595833333
0.558333333333,-0.266666666667
0.558333333333,-0.266666666667
0.5642875,-0.270058333333
0.570466666667,-0.2728
0.576845833333,-0.274991666667
0.5834,-0.276733333333
0.590104166667,-0.278125
0.596933333333,-0.279266666667
0.6038625,-0.280258333333
0.610866666667,-0.2812
0.617920833333,-0.282191666667
0.625,-0.283333333333
0.625,-0.283333333333
0.632125,-0.284541666667
0.639333333333,-0.285666666667
0.646625,-0.286708333333
0.654,-0.287666666667
0.661458333333,-0.288541666667
0.669,-0.289333333333
0.676625,-0.290041666667
0.684333333333,-0.290666666667
0.692125,-0.291208333333
0.7,-0.291666666667
0.7,-0.291666666667
0.708033333333,-0.292079166667
0.716266666667,-0.292466666667
0.72465,-0.292804166667
0.733133333333,-0.293066666667
0.741666666667,-0.293229166667
0.7502,-0.293266666667
0.758683333333,-0.293154166667
0.767066666667,-0.292866666667
0.7753,-0.292379166667
0.783333333333,-0.291666666667
0.783333333333,-0.291666666667
0.791133333333,-0.2906
0.798733333333,-0.289133333333
0.806183333333,-0.287366666667
0.813533333333,-0.2854
0.820833333333,-0.283333333333
0.828133333333,-0.281266666667
0.835483333333,-0.2793
0.842933333333,-0.277533333333
0.850533333333,-0.276066666667
0.858333333333,-0.275
0.858333333333,-0.275
0.866516666667,-0.2745125
0.875133333333,-0.2746
0.884033333333,-0.2750875
0.893066666667,-0.2758
0.902083333333,-0.2765625
0.910933333333,-0.2772
0.919466666667,-0.2775375
0.927533333333,-0.2774
0.934983333333,-0.2766125
0.941666666667,-0.275
0.941666666667,-0.275
0.947558333333,-0.272595833333
0.9528,-0.2696
0.957491666667,-0.2660875
0.961733333333,-0.262133333333
0.965625,-0.2578125
0.969266666667,-0.2532
0.972758333333,-0.248370833333
0.9762,-0.2434
0.979691666667,-0.2383625
0.983333333333,-0.233333333333
0.983333333333,-0.233333333333
0.986966666667,-0.22825
0.9904,-0.223
0.993683333333,-0.217583333333
0.996866666667,-0.212
1.0,-0.20625
1.00313333333,-0.200333333333
1.00631666667,-0.19425
1.0096,-0.188
1.01303333333,-0.181583333333
1.01666666667,-0.175
1.01666666667,-0.175
1.02053333333,-0.168175
1.0246,-0.161066666667
1.02881666667,-0.153725
1.03313333333,-0.1462
1.0375,-0.138541666667
1.04186666667,-0.1308
1.04618333333,-0.123025
1.0504,-0.115266666667
1.05446666667,-0.107575
1.05833333333,-0.1
1.05833333333,-0.1
1.06211666667,-0.0925
1.06593333333,-0.085
1.06973333333,-0.0775
1.07346666667,-0.07
1.07708333333,-0.0625
1.08053333333,-0.055
1.08376666667,-0.0475
1.08673333333,-0.04
1.08938333333,-0.0325
1.09166666667,-0.025
1.09166666667,-0.025
1.0938125,-0.0174625
1.096,-0.00986666666667
1.09810416667,-0.0022375
1.1,0.0054
1.1015625,0.0130208333333
1.10266666667,0.0206
1.1031875,0.0281125
1.103,0.0355333333333
1.10197916667,0.0428375
1.1,0.05
1.1,0.05
1.09694166667,0.0571916666667
1.09286666667,0.0645333333333
1.087925,0.071925
1.08226666667,0.0792666666667
1.07604166667,0.0864583333333
1.0694,0.0934
1.06249166667,0.0999916666667
1.05546666667,0.106133333333
1.048475,0.111725
1.04166666667,0.116666666667
1.04166666667,0.116666666667
1.03487916667,0.120966666667
1.02786666667,0.124733333333
1.02065416667,0.128016666667
1.01326666667,0.130866666667
1.00572916667,0.133333333333
0.998066666667,0.135466666667
0.990304166667,0.137316666667
0.982466666667,0.138933333333
0.974579166667,0.140366666667
0.966666666667,0.141666666667
0.966666666667,0.141666666667
0.958670833333,0.142679166667
0.950533333333,0.143266666667
0.942279166667,0.143504166667
0.933933333333,0.143466666667
0.925520833333,0.143229166667
0.917066666667,0.142866666667
0.908595833333,0.142454166667
0.900133333333,0.142066666667
0.891704166667,0.141779166667
0.883333333333,0.141666666667
0.883333333333,0.141666666667
0.87485,0.141516666667
0.866133333333,0.141133333333
0.857283333333,0.140616666667
0.8484,0.140066666667
0.839583333333,0.139583333333
0.830933333333,0.139266666667
0.82255,0.139216666667
0.814533333333,0.139533333333
0.806983333333,0.140316666667
0.8,0.141666666667
0.8,0.141666666667
0.7935,0.1435
0.787333333333,0.145666666667
0.7815,0.148166666667
0.776,0.151
0.770833333333,0.154166666667
0.766,0.157666666667
0.7615,0.1615
0.757333333333,0.165666666667
0.7535,0.170166666667
0.75,0.175
0.75,0.175
0.746908333333,0.180241666667
0.744266666667,0.185933333333
0.742025,0.192025
0.740133333333,0.198466666667
0.738541666667,0.205208333333
0.7372,0.2122
0.736058333333,0.219391666667
0.735066666667,0.226733333333
0.734175,0.234175
0.733333333333,0.241666666667
0.733333333333,0.241666666667
0.732658333333,0.249325
0.732266666667,0.257266666667
0.732108333333,0.265441666667
0.732133333333,0.2738
0.732291666667,0.282291666667
0.732533333333,0.290866666667
0.732808333333,0.299475
0.733066666667,0.308066666667
0.733258333333,0.316591666667
0.733333333333,0.325
0.733333333333,0.325
0.733220833333,0.333258333333
0.732933333333,0.3414
0.732545833333,0.349475
0.732133333333,0.357533333333
0.731770833333,0.365625
0.731533333333,0.3738
0.731495833333,0.382108333333
0.731733333333,0.3906
0.732320833333,0.399325
0.733333333333,0.408333333333
0.733333333333,0.408333333333
0.734820833333,0.417770833333
0.736733333333,0.427666666667
0.738995833333,0.437895833333
0.741533333333,0.448333333333
0.744270833333,0.458854166667
0.747133333333,0.469333333333
0.750045833333,0.479645833333
0.752933333333,0.489666666667
0.755720833333,0.499270833333
0.758333333333,0.508333333333
0.758333333333,0.508333333333
0.760758333333,0.516920833333
0.763066666667,0.5252
0.765308333333,0.533195833333
0.767533333333,0.540933333333
0.769791666667,0.5484375
0.772133333333,0.555733333333
0.774608333333,0.562845833333
0.777266666667,0.5698
0.780158333333,0.576620833333
0.783333333333,0.583333333333
0.783333333333,0.583333333333
0.7867875,0.589879166667
0.790466666667,0.5962
0.794345833333,0.602320833333
0.7984,0.608266666667
0.802604166667,0.6140625
0.806933333333,0.619733333333
0.8113625,0.625304166667
0.815866666667,0.6308
0.820420833333,0.636245833333
0.825,0.641666666667
0.825,0.641666666667
0.8296625,0.647079166667
0.834466666667,0.652466666667
0.8393875,0.657804166667
0.8444,0.663066666667
0.849479166667,0.668229166667
0.8546,0.673266666667
0.8597375,0.678154166667
0.864866666667,0.682866666667
0.8699625,0.687379166667
0.875,0.691666666667
0.875,0.691666666667
0.879925,0.69575
0.884733333333,0.699666666667
0.889475,0.703416666667
0.8942,0.707
0.898958333333,0.710416666667
0.9038,0.713666666667
0.908775,0.71675
0.913933333333,0.719666666667
0.919325,0.722416666667
0.925,0.725
0.925,0.725
0.930954166667,0.727379166667
0.937133333333,0.729533333333
0.9435125,0.7314875
0.950066666667,0.733266666667
0.956770833333,0.734895833333
0.9636,0.7364
0.970529166667,0.737804166667
0.977533333333,0.739133333333
0.9845875,0.7404125
0.991666666667,0.741666666667
0.991666666667,0.741666666667
0.998904166667,0.7431
1.0064,0.7448
1.01407916667,0.746616666667
1.02186666667,0.7484
1.0296875,0.75
1.03746666667,0.751266666667
1.04512916667,0.75205
1.0526,0.7522
1.05980416667,0.751566666667
1.06666666667,0.75
1.06666666667,0.75
1.0732125,0.747325
1.07953333333,0.7436
1.08565416667,0.739025
1.0916,0.7338
1.09739583333,0.728125
1.10306666667,0.7222
1.1086375,0.716225
1.11413333333,0.7104
1.11957916667,0.704925
1.125,0.7
1.125,0.7
1.130375,0.695645833333
1.13566666667,0.691666666667
1.140875,0.6879375
1.146,0.684333333333
1.15104166667,0.680729166667
1.156,0.677
1.160875,0.673020833333
1.16566666667,0.668666666667
1.170375,0.6638125
1.175,0.658333333333
1.175,0.658333333333
1.17961666667,0.652145833333
1.18426666667,0.645333333333
1.1889,0.638020833333
1.19346666667,0.630333333333
1.19791666667,0.622395833333
1.2022,0.614333333333
1.20626666667,0.606270833333
1.21006666667,0.598333333333
1.21355,0.590645833333
1.21666666667,0.583333333333
1.21666666667,0.583333333333
1.21942083333,0.576479166667
1.22186666667,0.57
1.22402916667,0.563770833333
1.22593333333,0.557666666667
1.22760416667,0.5515625
1.22906666667,0.545333333333
1.23034583333,0.538854166667
1.23146666667,0.532
1.23245416667,0.524645833333
1.23333333333,0.516666666667
1.23333333333,0.516666666667
1.23400833333,0.508016666667
1.2344,0.4988
1.23455833333,0.489116666667
1.23453333333,0.479066666667
1.234375,0.46875
1.23413333333,0.458266666667
1.23385833333,0.447716666667
1.2336,0.4372
1.23340833333,0.426816666667
1.23333333333,0.416666666667
1.23333333333,0.416666666667
1.23340833333,0.406591666667
1.2336,0.3964
1.23385833333,0.386141666667
1.23413333333,0.375866666667
1.234375,0.365625
1.23453333333,0.355466666667
1.23455833333,0.345441666667
1.2344,0.3356
1.23400833333,0.325991666667
1.23333333333,0.316666666667
1.23333333333,0.316666666667
1.23226666667,0.307658333333
1.2308,0.298933333333
1.22903333333,0.290441666667
1.22706666667,0.282133333333
1.225,0.273958333333
1.22293333333,0.265866666667
1.22096666667,0.257808333333
1.2192,0.249733333333
1.21773333333,0.241591666667
1.21666666667,0.233333333333
1.21666666667,0.233333333333
1.21602916667,0.2249625
1.21573333333,0.216533333333
1.21570416667,0.208070833333
1.21586666667,0.1996
1.21614583333,0.191145833333
1.21646666667,0.182733333333
1.21675416667,0.1743875
1.21693333333,0.166133333333
1.21692916667,0.157995833333
1.21666666667,0.15
1.21666666667,0.15
1.21605833333,0.1421625
1.21513333333,0.134466666667
1.21399166667,0.1268875
1.21273333333,0.1194
1.21145833333,0.111979166667
1.21026666667,0.1046
1.20925833333,0.0972375
1.20853333333,0.0898666666667
1.20819166667,0.0824625
1.20833333333,0.075
1.20833333333,0.075
1.2090625,0.0675375
1.21033333333,0.0601333333333
1.21202083333,0.0527625
1.214,0.0454
1.21614583333,0.0380208333333
1.21833333333,0.0306
1.2204375,0.0231125
1.22233333333,0.0155333333333
1.22389583333,0.0078375
1.225,0.0
1.225,0.0
1.2257875,-0.00799583333333
1.22646666667,-0.0161333333333
1.2270125,-0.0243875
1.2274,-0.0327333333333
1.22760416667,-0.0411458333333
1.2276,-0.0496
1.2273625,-0.0580708333333
1.22686666667,-0.0665333333333
1.2260875,-0.0749625
1.225,-0.0833333333333
1.225,-0.0833333333333
1.223475,-0.0917041666667
1.22146666667,-0.100133333333
1.219075,-0.108595833333
1.2164,-0.117066666667
1.21354166667,-0.125520833333
1.2106,-0.133933333333
1.207675,-0.142279166667
1.20486666667,-0.150533333333
1.202275,-0.158670833333
1.2,-0.166666666667
1.2,-0.166666666667
1.19799583333,-0.174504166667
1.19613333333,-0.1822
1.1943875,-0.189779166667
1.19273333333,-0.197266666667
1.19114583333,-0.2046875
1.1896,-0.212066666667
1.18807083333,-0.219429166667
1.18653333333,-0.2268
1.1849625,-0.234204166667
1.18333333333,-0.241666666667
1.175,-0.25
1.17292083333,-0.257304166667
1.17086666667,-0.264933333333
1.1688625,-0.2727125
1.16693333333,-0.280466666667
1.16510416667,-0.288020833333
1.1634,-0.2952
1.16184583333,-0.301829166667
1.16046666667,-0.307733333333
1.1592875,-0.3127375
1.15833333333,-0.316666666667
