-4.141500274890377,0.0,-1.9550809088433134,0.0
-0.004495378168218072,-0.08258988441633525,-1.9552585277179042,-1.9550809088433134
-0.06325504674836062,-0.07379931443914853,-1.9569853528032535,-1.9575131823508156
-0.10968084039782461,-0.07159656853270333,-1.9585598674500682,-1.9580447730364305
-0.05531166710500036,-0.06428213390818958,-1.9596860389787492,-1.9600176072227589
-0.10477937021937157,-0.061788795801568194,-1.961690592350451,-1.9609158322863065
0.18708098678898338,-0.05382253526870776,-1.9580101276953157,-1.9629061700686057
-0.08477922506186043,-0.06870419571618677,-1.959839661748647,-1.9591716169757247
0.09808496798704064,-0.06321875197241018,-1.9580843627295232,-1.961069171324123
-0.13730191216449494,-0.07057656388644222,-1.9614442839375834,-1.959631391624829
-0.13584438009787853,-0.06237154480498627,-1.9631908621268463,-1.962351700844108
-0.028580710867192174,-0.055508996841170416,-1.9635954399891848,-1.9640737704066722
-0.04665450271251025,-0.05016631734384088,-1.9645210098026051,-1.9646966724289778
-0.021147130860365595,-0.051716199378089946,-1.9649416529242483,-1.9655188811671978
-0.09513954157675757,-0.05233193600294229,-1.9669852355351594,-1.9660525088733092
0.2216814939955116,-0.04261823118956416,-1.9630322020925652,-1.967918420752413
-0.11992209052542498,-0.0552819055152791,-1.965382293128107,-1.9638673836894704
-0.11547816990913143,-0.04006626594153496,-1.9678313046188305,-1.9665546880659774
0.04237869704079916,-0.03510300113131718,-1.9669144290506868,-1.968698150060378
-0.07995480583130204,-0.028765608640795765,-1.9682923771296805,-1.9675193972258065
-0.004466467186851462,-0.023811288535045303,-1.9683871213475725,-1.9689025629832524
-0.03416172721533464,-0.017634207710832035,-1.9691033823656208,-1.9688863671163723
-0.0604358065536376,-0.005070812798441033,-1.9702449224968095,-1.9694364656308498
-0.003009644325488465,0.0002946546993167713,-1.9703024603719572,-1.9703418654449258
0.07497365562216603,0.013974160879319832,-1.9687369401490442,-1.9702963077055742
0.2145668652402553,0.009729910091991725,-1.9641211198165736,-1.9684363242275515
-0.265215900185385,0.0086195262705287,-1.9690356050275426,-1.9639408233139215
-0.032402668688802455,0.04344198632608034,-1.9696901007654088,-1.9688615007504946
0.30774978590770063,0.045747838067126435,-1.9636353387993941,-1.9688354100439858
-0.20854280660062785,0.04106636458090705,-1.9678277696419284,-1.9627156492142281
0.07461086779081257,0.07017420914786723,-1.9664060144214721,-1.9670452252223707
-0.06918583099907688,0.06578657581037405,-1.9679080826923,-1.9648824878341733
-0.010301433428894436,0.08423053326626734,-1.9681063254760007,-1.9666420730627858
0.09258354877997041,0.0869609584366883,-1.9663356002973822,-1.9664953575661672
0.11284916302395744,0.0923322575742191,-1.9636979893853626,-1.9643030715063303
0.29294033868804914,0.08237404958671611,-1.9566235808908778,-1.9614681970999321
-0.0921102424970506,0.07761612872213426,-1.9587156758490596,-1.9547526235559116
-0.07799750899653127,0.10075340437825761,-1.9603541742787596,-1.9570851890980498
0.0814582891359233,0.10619902780887772,-1.9584495013384724,-1.9579983393478189
-0.02974916174958016,0.11433671628864722,-1.9589322837483332,-1.9567260570612177
0.18616675380784067,0.11333301173874506,-1.9553661660639838,-1.9567421065142807
0.10737567235224163,0.1061838538523027,-1.9529292426490663,-1.9527940390268346
0.008628149327438397,0.11686518171897849,-1.9527698309383674,-1.9509674140866693
0.09100823289275208,0.11783002816298965,-1.950838769264546,-1.9502901226059615
0.21235829344242607,0.12613454069404323,-1.9470722395795106,-1.9487488565435964
0.04376693132586813,0.1146914912867634,-1.946190275658299,-1.9445304549320455
-0.0161486568180833,0.12761509107842772,-1.9465205753027135,-1.9438444112798465
0.050962026198917425,0.12998366196211747,-1.9454289807507361,-1.9437870902244796
-0.14735826494607993,0.1402431468333242,-1.9485325199912256,-1.9426913711862535
0.12496872724417066,0.1650392044660423,-1.945958571279378,-1.9456439679902775
0.217230279092605,0.1613457212323372,-1.9424899752378442,-1.9433233293890668
0.15408354986369113,0.16055355517914527,-1.939399894548227,-1.9392542547603924
0.10400805039140536,0.15227528476639607,-1.9372105523448466,-1.9360202842879284
0.11532000503833777,0.1640725859343867,-1.934817354522621,-1.9340504338575073
0.11837598162819923,0.16124765558684234,-1.9324493855793663,-1.9315352800461245
0.09806628599899163,0.17134348240992922,-1.9306306146172292,-1.9294588312751373
0.11093783514694262,0.1795295500311103,-1.928391546705955,-1.9271723743084843
0.11178844037499587,0.17971673678375094,-1.9259449858738782,-1.9244624287771863
0.17154161202874998,0.18728976030754171,-1.9222036948173515,-1.922025396847721
0.03740445909855513,0.17931458628463642,-1.921447178916313,-1.9184157057596558
0.4068369462942886,0.19662205268654148,-1.9163779932658962,-1.91921292036142
0.1675060238846993,0.17907187302210556,-1.9135303975691964,-1.9130354262457878
0.09032415084613402,0.18606619235051697,-1.9118907045069922,-1.9102796290307746
0.17210140951383276,0.1871340525920072,-1.9085992676760992,-1.9083321914174334
0.14513653023014422,0.18997117987036152,-1.9054607533261918,-1.9045525751688095
0.13304787750312627,0.1939525607470855,-1.9029654141033354,-1.9018978063236611
0.20694326659550352,0.18902570622499887,-1.8986199204857692,-1.8988927055358975
0.05784614168598117,0.19207736326938166,-1.8975077662724462,-1.8949856982286357
0.4431632238441672,0.19435559458360246,-1.889397431622817,-1.8939925565011568
-0.0031668137544502662,0.18333652729582078,-1.8894635825790382,-1.8853375754312183
0.14941401758336334,0.18748402567214964,-1.8862264422559154,-1.8854914916413223
0.09130888470570132,0.19374042432494937,-1.8843220258774043,-1.8823161146864784
0.40544919284561,0.19517269901977533,-1.8770935859995566,-1.8808679777898678
0.10776188982493555,0.1853516092183654,-1.8750612371829658,-1.8734127021126086
0.26119692114106074,0.18376736258872242,-1.8696086951582704,-1.8711919823916268
-0.050879823163526544,0.17713194804531768,-1.8706475314982818,-1.865856633879448
0.2540296669110223,0.18425342488429516,-1.8652670231829471,-1.8668957652933404
0.3010011491256058,0.1778362567259084,-1.8593667087377355,-1.8616552325051285
-0.014625935495291389,0.1647284704945445,-1.8596280839253827,-1.8561886566406793
0.228528183630098,0.1759950872481205,-1.8548225837184813,-1.85616416675565
0.323872712048784,0.16040365381962823,-1.8474301882011344,-1.8508054953820854
-0.012235410405269485,0.14460101872238654,-1.8476564860474967,-1.8444634710902483
-0.0159228616135005,0.15640558603658955,-1.8479757288114127,-1.8447573319882244
0.2122233172368157,0.15794293034590456,-1.8442183732848012,-1.8452066108806449
0.12302067681248978,0.15749139660074657,-1.8416832868584818,-1.8409636441674895
-0.09360826620403337,0.15419696432318075,-1.8430116065959,-1.8394484529163349
0.15759584390601794,0.16296037753192816,-1.8411279955722706,-1.8411686195309458
0.3254886947913676,0.16154115671338531,-1.8356965929489872,-1.838408689383816
0.11448318166918081,0.14830972282588628,-1.833593874389186,-1.8327295581108523
0.2212234735148883,0.14404808301277808,-1.829320414598337,-1.8307289178499075
0.22453727758197362,0.14191233847382886,-1.8246627547580532,-1.8263323719065236
0.08081756270643903,0.12971663209087048,-1.823115520826568,-1.8219458751834896
0.0791984000632769,0.13416670918331375,-1.8214272670063256,-1.8203503816381321
0.14721773545737962,0.1331008818895663,-1.8186243658616579,-1.818872846361436
0.12916794813243532,0.13937802217295123,-1.8162445711782296,-1.8161721106725017
0.08456323998766632,0.13405802561550584,-1.8145443966315873,-1.8134423255961734
0.2276788554605993,0.14536543624778708,-1.8095231226638882,-1.8115878547391815
0.16912386447051103,0.13239588420983606,-1.806307421515015,-1.8067591614582241
0.06318327562328578,0.14151144535562368,-1.8050917061322898,-1.8037599797837083
0.1078641932013888,0.1413808356575561,-1.8026083349506383,-1.801833669940299
0.04342284597629829,0.15197841465676049,-1.80183464851172,-1.800089282299624
0.23727219170738642,0.15411153969928787,-1.7970408983387989,-1.7987641388734072
0.0684645343598729,0.15299888521671853,-1.7954542489998744,-1.7934693999729556
0.1967864639023884,0.1544154465526225,-1.7922864699190635,-1.7929913424647108
0.14894688571213058,0.15732399541399422,-1.7893754334254364,-1.7892685551909693
0.23417313205089108,0.14980967529589456,-1.7844639046951276,-1.7860757324022
0.0025580741096617654,0.14209860232268204,-1.7843994695636527,-1.7806903603371098
0.25242084495084394,0.1485945149305453,-1.7803809489509592,-1.7821372706450973
0.21575127683026085,0.14875286293149712,-1.7760379960911994,-1.7773898242492039
0.176366642454367,0.14045290240462077,-1.772769352572621,-1.7732811250949347
0.07008597654680022,0.14180324515459056,-1.7713294524878835,-1.7698837803649057
0.08355227551395243,0.14187150034697202,-1.7701710006850961,-1.769363351337676
0.30461326175358533,0.14014240396276065,-1.765650138360644,-1.7680654406147964
0.26909060875239643,0.13804184845512937,-1.759675848805659,-1.7625387280290572
-0.056610351983257055,0.1238382325083647,-1.7606939919592923,-1.7571931515957733
0.12524812382865955,0.1467869306134955,-1.7578737245072913,-1.7579054716543139
0.3086867231490145,0.14087816999717795,-1.751152363259983,-1.7546775780162076
-0.45986527576275077,0.1354660922787163,-1.7584164800193751,-1.748927025689079
0.8101910064966917,0.15600110201894746,-1.741391146347421,-1.7555697989234522
0.02172894985154778,0.12319280841376237,-1.740915180068484,-1.7379739879230458
-0.338698842565304,0.12576292736967865,-1.7474142703221567,-1.73855130668049
0.13494201868616004,0.15644290645230888,-1.74475532665085,-1.744936194604375
0.49331484052449676,0.14940680097241898,-1.734621581776947,-1.7415416538174238
0.04691791759202394,0.1305985358426744,-1.7336083333587582,-1.7313949636207804
0.2571058739021265,0.1294170592960791,-1.7287898785390907,-1.7311607691124733
0.1589107538982181,0.1285322729943516,-1.7257587448981164,-1.7263213206062553
-0.17097096558220706,0.12149794468570302,-1.7298366001098222,-1.7226931015737217
0.5212579521264347,0.1415330105607751,-1.7213910685859612,-1.7278680647277882
0.48177051564313705,0.12077002280510891,-1.7107793316069042,-1.718273586230446
-0.15164856329926032,0.07845283288565827,-1.713769202225121,-1.708398255684452
0.16717325373715364,0.11122311057183297,-1.7105058134730808,-1.7122377246311795
-0.0023440926394229316,0.10187378367010654,-1.7105558803111314,-1.7081302292615936
0.1222205199408136,0.1044378200190994,-1.7083293202123218,-1.708699988174979
0.09781106733197231,0.1030401580566773,-1.70659345118161,-1.7064758451163913
0.162045301879535,0.0991160778128705,-1.7033088524901723,-1.7045048650615997
0.02524899163315072,0.09027767181424645,-1.7027008377509136,-1.7009220626696786
0.15511186027588061,0.09669579075432234,-1.6991916585351061,-1.7006584373244176
0.3735073979816567,0.0870124755165055,-1.694018590904302,-1.6978524243783284
-0.03929463278747393,0.07013680709330176,-1.6947591201921297,-1.692378792235744
0.09418209357721807,0.07137176775853371,-1.6925727899396636,-1.6931309739348612
0.04128863331368605,0.06447584586822204,-1.6916051368162606,-1.6909000992146004
0.16957215792619734,0.0695102855966567,-1.6892145205732954,-1.6906961609189404
0.06070733454009189,0.061015883028629876,-1.6879819210009304,-1.6878031861941714
0.009953709215564507,0.05783754391503867,-1.687787125794493,-1.6867878333223456
0.14360749051577226,0.05267301606305104,-1.684353738053895,-1.6864043377970774
-0.011529159340043988,0.04093166964072524,-1.6845455744182458,-1.6834772994860088
0.011669018504418534,0.04717572332922314,-1.6842986704300724,-1.6836795039365626
0.19157925914179116,0.044714798762542765,-1.6804229658324326,-1.6833442917117127
0.03189764545273975,0.024344907356200048,-1.6798039423551365,-1.6795552055377867
0.11591573658615177,0.02391423606984301,-1.6773139521124314,-1.6792809884960507
-0.5579125300751998,0.006068979107992525,-1.6871025189820965,-1.6768943772036637
0.32528498978361164,0.034495398500953615,-1.6805158590303328,-1.6869796288921932
0.14438838387565847,0.018878639395420886,-1.677727341016598,-1.6798496625017139
0.009483108358357546,0.009325235715905296,-1.6775266116838736,-1.6773277361038008
0.18854692966185319,0.00800596993724511,-1.6734474333414584,-1.6773248619145273
0.10716540184745443,-0.0077413198319290066,-1.6714118470880093,-1.6732953614780692
-0.04627825550915682,-0.010876201845607556,-1.6723136008155055,-1.6715626903714775
0.0020399004716465637,-0.014914679893362485,-1.6722724599681094,-1.6725329527724266
0.053843811710003124,-0.014316181628488116,-1.671282198463102,-1.6725467613759935
0.13475001721361163,-0.01698083964865655,-1.6683136079435374,-1.6715975890058086
-0.17525811188933738,-0.02771477124531376,-1.6718740899005178,-1.66865858468973
-0.053300797487503805,-0.014363035072287028,-1.673034168712411,-1.6724772951134548
0.5726219729632595,-0.01700234248581285,-1.6660498883901325,-1.673209354904978
-0.23032516651370963,-0.04130709418119088,-1.669423517627491,-1.6662989258730179
-0.032788752154671474,-0.029543796193324322,-1.670065455162761,-1.6702322270929428
0.05022421051911841,-0.03183359755315017,-1.6688765903315088,-1.6707647908001535
0.22624281961135803,-0.038691384316820655,-1.665191052303563,-1.6693951656151356
-0.2594844932753832,-0.04939239050733472,-1.6706489260011412,-1.6660048685209412
0.1601549202872268,-0.03079987561518632,-1.6675616806285924,-1.6716010442923521
0.11407587182826394,-0.03982869542711361,-1.6651455634196672,-1.6682140193599468
-0.07963901931716373,-0.054076446527133774,-1.6667053041730384,-1.6659256137008476
-0.015000535350533233,-0.04470927958061239,-1.6670013590885422,-1.6677725726026793
-0.04699361700722095,-0.040392820119653144,-1.6680250039723252,-1.6679752450801926
-0.0456183681887356,-0.04037121785375449,-1.6688956056025446,-1.6687958788729758
0.12380987182300159,-0.029942619420077192,-1.666417255671689,-1.6697037318327328
0.047436106612712095,-0.04034239548014507,-1.6653209435229726,-1.6671092698309165
-0.13826418139923158,-0.036477066219820456,-1.6676294319776022,-1.6659945088184493
-0.07748908648594816,-0.028492318185595132,-1.669426719632625,-1.668475483773815
0.2816592744341383,-0.015243648446432985,-1.6645386670293656,-1.669921189237291
-0.13232319203835544,-0.032102513013265305,-1.6670574838944145,-1.664828835050559
-0.03530034604688473,-0.027004961698575584,-1.667704904567703,-1.6676462551931914
0.2177006047401382,-0.010793163692195223,-1.6633132663202923,-1.6682496711879284
0.00039621754572040987,-0.017542766006414426,-1.6633048957213261,-1.663541285613783
-0.1466126640851202,-0.020866495406855704,-1.6665575104592623,-1.6636940835149774
-0.09859284353862867,-0.008811895373873575,-1.6684046876860328,-1.6669484527805773
0.015110381825738489,0.0019648235540659096,-1.668111533660882,-1.6685756458145466
0.30912038018141835,-0.001979561997054975,-1.6621248792643155,-1.6680734814316454
-0.16539725323315888,-0.011629527881475279,-1.6646767573467047,-1.6621554214938523
0.0474771667851836,0.0017276398217380743,-1.6639017493410186,-1.6648665954904018
0.06317365553526441,-0.0035624945394438796,-1.6626617888632038,-1.6638678395556705
-0.11638769325278965,0.006160086550046345,-1.6655977428371929,-1.662751655065618
-0.09503726601142545,0.015355913917415776,-1.6670688783421677,-1.6655023873790886
0.05160301230436403,0.02296818736713206,-1.665840941156627,-1.6667034714235571
0.3398601705686244,0.02619012995044731,-1.660818035779864,-1.6655014867521059
0.18655342096644872,0.015466634483351562,-1.6573817697874549,-1.6603356203279294
-0.2703091652282955,0.00961260469921594,-1.66294822694656,-1.6570632664981773
0.06943649583448845,0.03458920304759614,-1.66126169134658,-1.6627147474220114
0.014634790261751211,0.025148716073206515,-1.6610070979489058,-1.660659962003745
-0.0740316585023856,0.028592685103930385,-1.6625155645814125,-1.660494668539458
-0.011057486494818365,0.03794977815774921,-1.6627306558595218,-1.6619593769535583
0.18161286133344381,0.043120677065240476,-1.6591863874537058,-1.6619900464184025
0.010426770835157834,0.026997228525286576,-1.65896141025592,-1.6582559777184067
0.10632335234235454,0.03550835103956039,-1.6569654696199099,-1.6584546084641578
-0.012123379824357905,0.02777091630003143,-1.6572190940796696,-1.6562226250930665
-0.03090838304148812,0.024756177995627064,-1.6577983300225603,-1.6566986555673606
0.2581746856485345,0.03969242142199379,-1.651459289784459,-1.6571904841833693
-0.2569343843759168,0.01774262918804151,-1.6554216365253218,-1.6508471679890817
0.21346178564926507,0.0371051793935154,-1.6509777901237408,-1.6550522705583313
0.08269799123029173,0.023108631812971944,-1.6494622039406959,-1.6502977724307886
-0.3356674300237387,0.026700796004796353,-1.6564803779395123,-1.6489790459562392
0.19985740704105467,0.04973828110770642,-1.65256881250601,-1.65595779580335
-0.03548229696248687,0.039976230713950664,-1.653316982963698,-1.6515200440855127
0.1020845337007237,0.0464038568760388,-1.6507533962875383,-1.652313084246564
0.39664940927612385,0.04340104150656355,-1.645692463702103,-1.6501613197941372
-0.07181253781205124,0.02528207740190147,-1.6471644112977566,-1.644802868923241
-0.04056512754745028,0.03305004040987408,-1.6481596936403766,-1.6465441049719984
-0.09280175962016948,0.0380831422698758,-1.6496883557431135,-1.6476152821499557
0.061299616205018954,0.051179407610459714,-1.6484114021969039,-1.6488950326102298
0.08744456643893445,0.046997105574584565,-1.6468343659736973,-1.6474883971095573
0.08388637285226618,0.04282433367320383,-1.644926319312594,-1.645765388172845
-0.07286101642848689,0.03811948209956264,-1.6461513518516129,-1.6442063018768922
0.19442874982299774,0.04660925113200054,-1.6418160533206299,-1.6453013780956816
-0.009765856121610895,0.03211546991536492,-1.6420302416270767,-1.6407938022818678
0.12538958355886676,0.03381325081268244,-1.6400295946279735,-1.6415178249120088
0.059751858493809026,0.02952019556685084,-1.638728084343551,-1.6392930770569423
-0.0759704677452442,0.02495907171745874,-1.6405777061770521,-1.638009368244122
0.00017734106153919526,0.031447779930300054,-1.6405743179144685,-1.6401008403678141
0.21889704991698422,0.036309438794348045,-1.637102645222759,-1.6400755610840758
-0.06278169407491477,0.023827371279242424,-1.638416669332064,-1.6363426867878341
0.09051823552595041,0.030461402061654264,-1.63617649458935,-1.6378269817954603
0.07298851414696222,0.02545624014499226,-1.6350509450118693,-1.6357067519370894
-0.017115820580240533,0.026569883731890086,-1.6353831816948472,-1.634556811718802
0.12455646122994386,0.025880002396446226,-1.6324806978959399,-1.6347640355156032
0.03212811036222731,0.024315273306458936,-1.6319158923364099,-1.632025732786901
0.07360380192176959,0.024093287130993884,-1.6306190396128541,-1.631487472504986
0.01644200619733126,0.0333702419001888,-1.6302511793286312,-1.6300799956941556
-0.02191363916126598,0.031643462487455774,-1.6307401670677222,-1.6295065454036308
0.022113427662266365,0.051292673700543995,-1.6303142481897162,-1.6301306935729423
0.22081598772582697,0.05020484151370604,-1.627708976857786,-1.6297090776415764
0.27227116078326946,0.03780856131934098,-1.6221889071565039,-1.6266911157530688
-0.44373491870991333,0.043680720307855365,-1.6281945519858738,-1.6216771944622368
0.24999560576558846,0.08953671174023307,-1.6225062230922493,-1.6272006533024925
-0.07950958859669327,0.07176489249526764,-1.623950959638699,-1.620879287750448
-0.0717837023817342,0.1019852279137883,-1.62562553457641,-1.6222768234992586
0.3767611668196383,0.10871211632426465,-1.6186682644566202,-1.623742275787257
-0.08206952646063718,0.10312463593376604,-1.6202998699705378,-1.6165069836978065
0.2533013273682534,0.11727506944039684,-1.6156798412732858,-1.618418952952227
-0.056084696021359806,0.11769962967237244,-1.6169113553502032,-1.6131047020796576
-0.12297970367766219,0.12267893280311956,-1.6193526803155165,-1.6145748474896833
0.1127113460147029,0.15488076790304484,-1.6169253161630464,-1.6167106530992792
-0.04669478471060579,0.15115284305195584,-1.6177276979690498,-1.6142639159438261
0.12010278876158968,0.17031732642131364,-1.6151474218862225,-1.6144803456818975
0.49051928251743654,0.1653077244921714,-1.6058148988395164,-1.611906998052275
0.2586768269969344,0.14394460076019025,-1.600129354985949,-1.6021815454856623
-0.1977230245323083,0.1263846587497647,-1.6042874130043645,-1.597102241665109
0.4672485741604804,0.15912386113743238,-1.596522781347006,-1.6021871811864374
0.07624453695978776,0.13026447269072244,-1.5949527376264705,-1.5932460689564782
-0.057042176361321605,0.1354611478380589,-1.5961800483229653,-1.5921499872599016
0.2728657584832292,0.1487446062543493,-1.5908545423535752,-1.5935362605665166
0.28974103111208077,0.13192303414562326,-1.58477007630645,-1.5877309547036869
-0.1977347280903582,0.11631847014669551,-1.588503192022088,-1.582279446780823
0.01621830301604902,0.133342122918324,-1.5882061602898188,-1.5863728657698042
0.350308910264906,0.1321164774970068,-1.5813741282843705,-1.5856056051090683
-0.0963384607500584,0.10845242101150733,-1.5832027037044576,-1.5788664595769963
0.2435203542391103,0.10789084089211609,-1.5766347495092097,-1.5802776482782162
-0.12641449082904088,0.09270724780687384,-1.5786070825303384,-1.5749514245456449
0.32503287160764927,0.09639378498676544,-1.5723897489061944,-1.5768337483868082
-0.02202406460940884,0.07648647916305946,-1.5728149442739472,-1.5705287758486137
0.1622219088639703,0.07172037211364063,-1.5691763934444682,-1.5710993933711648
0.06160945058365385,0.06167783948202808,-1.5679936482354906,-1.5677995441835204
0.029099571298101923,0.05381950906556672,-1.5674357942436563,-1.5668112518142414
0.0285808456032243,0.05515631181984712,-1.5668541814385826,-1.5663405811743907
0.41423360661417347,0.04590353417733426,-1.5579021892119036,-1.5656621997481075
-0.034141756879280595,0.015715836721075488,-1.5584912261422394,-1.5571102300588058
-0.08230245159815468,0.016863781895635768,-1.560282244143598,-1.5581492272597361
0.16059406705690704,0.02116229295869901,-1.5566036277184272,-1.559895957238928
-0.28156183584338423,0.011637990569637704,-1.5614032579166985,-1.556242885716426
0.010309931923490086,0.026271985103176358,-1.5611847174586102,-1.56115656649243
0.18506850054065405,0.027277174308150038,-1.5575517428195484,-1.5606689870381507
0.12028630789737774,0.010686917688101757,-1.5549958870575145,-1.556972154632446
-0.17317660646277913,-0.006950129672297586,-1.557946984056427,-1.5548137716358004
0.07237070146858698,0.008664291652619492,-1.5565988711689391,-1.5580764502518736
0.0031572428247086974,0.0010559687014871707,-1.5565299987333105,-1.556409867375996
0.09439328519574215,-0.00015059420417561287,-1.5541528061593004,-1.5565034053061366
0.07205648506821302,-0.008796188036914551,-1.5528188957457678,-1.5541555939608005
0.06453225602201725,-0.011534014403615265,-1.5517665915611818,-1.5529623320061783
-0.05036118967826687,-0.0132313576352268,-1.552949117226144,-1.5520374205098117
0.0558136621536399,-0.008386073675264118,-1.5520819922712248,-1.5531546805228398
0.06064474334901694,-0.013589416959186251,-1.55124865740019,-1.5521972274464229
0.06960881233687546,-0.017353684808840607,-1.5503937127019674,-1.551415564428067
0.009332731267405537,-0.020146026608770407,-1.5502624742836546,-1.5506377431021745
0.1122297786152172,-0.019524290490530533,-1.5479812496094678,-1.550671969994631
-0.057319507692094505,-0.03475779422401377,-1.549192907655951,-1.54839396710526
-0.0063371618694842745,-0.027319527324687218,-1.5493103043628322,-1.549836800089882
0.0043742728692065655,-0.02679385156139169,-1.5492047287080644,-1.549969677262396
0.0073517855009235895,-0.02733046480872859,-1.5490734806281627,-1.5496830671430146
-0.11766490519108747,-0.029916369477873603,-1.551768692539681,-1.5496995075151108
0.14600411948788847,-0.02433839425423738,-1.5495016155014196,-1.552233218571887
0.03154554586434102,-0.02970488243334072,-1.5487947050339534,-1.5500470194622078
-0.04453205680502389,-0.033491309628370235,-1.5495287405924805,-1.5492843397270781
0.2017220246783957,-0.030781768874206507,-1.5447101748298346,-1.5503287527784513
-0.22602626280209348,-0.048964852145882705,-1.548667179961388,-1.545249066266093
-0.020907602232223807,-0.038444181153353366,-1.5491163218652486,-1.5497190541395354
-0.06746397256561984,-0.03916003686992749,-1.5503279313865066,-1.5498067546125502
0.03623916860236601,-0.03250626409009954,-1.549451290464739,-1.5512752293555847
-0.11074438133431225,-0.04052594034781417,-1.5513314321774174,-1.5500031593930113
0.23348809444612456,-0.03285583413037958,-1.5465088663572093,-1.552168472777782
-0.22584815777552744,-0.05106590955981365,-1.550461191887434,-1.5470838409477898
-0.06933354989907192,-0.03385034935051114,-1.551977757496875,-1.5515781807386608
0.18962277048293902,-0.03393183924761136,-1.5481534329419733,-1.552660453577538
0.027642467672185336,-0.04901627234301426,-1.5474552377169273,-1.5490104855184894
-0.239115544352455,-0.04866857938875795,-1.5520807676753139,-1.548403424656363
0.9108940980546059,-0.03632941890809325,-1.5396065058911994,-1.5527472607410313
-0.44881586741462826,-0.08236916215189846,-1.5519218311944558,-1.5406033704060587
0.08491401613013087,-0.03406795356025014,-1.550341135910707,-1.553455153395826
-0.00970676057231887,-0.045445945922762854,-1.550530746535128,-1.5510066149754447
0.08334299234788398,-0.046398037460982255,-1.5491084148700265,-1.5513063271342336
-0.1853685972702783,-0.056024512370426376,-1.5521945738960254,-1.549880885095337
-0.09714120984547836,-0.04886588317990433,-1.5543441016429338,-1.5534342768402116
0.08991485884293567,-0.043487533076679234,-1.5524473872021478,-1.555374905978077
-0.2016970192608594,-0.051917651505434634,-1.5569350850970696,-1.5534149717076537
0.09079657141515321,-0.03871125917885741,-1.5555444655923465,-1.5577302439637273
0.07481415873575341,-0.04508625205246885,-1.5538593782954015,-1.5564163841194456
-0.026431958679863116,-0.04926704328760425,-1.5543275316162886,-1.554657929733846
-0.1695080105231341,-0.051650347417022346,-1.558455322348389,-1.5555272627915466
0.1474695134404882,-0.03703196736216519,-1.5556960773161304,-1.559421732023175
-0.23893594189303616,-0.045248376268614006,-1.5600319889108323,-1.5563680872924783
0.046659883259049025,-0.04505054995709531,-1.559100594318075,-1.5609352079084808
0.24344651773032425,-0.03522003851277819,-1.5544418393147121,-1.5599627117021049
-0.05411537299627922,-0.053257989191261824,-1.5557921612805061,-1.5553206726111801
-0.06586514796439537,-0.05363237895916622,-1.5569724187572784,-1.5567465072720283
0.07839847472246021,-0.044759317547253596,-1.5557379846133488,-1.5578168948780415
-0.06109623709736335,-0.05560722429158719,-1.55711032164219,-1.5567433635331318
-0.03731038656590272,-0.051004080192569815,-1.5580041582031343,-1.5584424914399126
0.05014407203716427,-0.04845819014958543,-1.5571162516312387,-1.5589072930335668
0.10532462660818581,-0.05706121442991257,-1.555177856470292,-1.558008076499924
-0.03974488225201105,-0.060047619749742376,-1.5560159635449489,-1.5563811159792518
-0.0581509786085185,-0.058253384351913295,-1.5570606920248269,-1.5570947666881216
-0.12866471676382618,-0.05350499214168574,-1.5599235045504014,-1.5583568400487322
0.1465451714276328,-0.04553297551383928,-1.5574188957729285,-1.560837960288869
-0.15139389141864534,-0.05326990062802943,-1.5605679059245878,-1.5583659868397128
-0.003697154004278534,-0.04297581161957239,-1.5606462844922244,-1.5616972120082773
0.10044707062427174,-0.045116006442099975,-1.5588798469785758,-1.5614020465602718
-0.013079081309077683,-0.049261913668270985,-1.5591435487965613,-1.5597894806629207
-0.02260535819785046,-0.04473093688346274,-1.5596969464949053,-1.560349520823257
-0.06029857881605351,-0.0439627972144689,-1.5607426786647909,-1.5604726957846333
-0.04447447579340855,-0.043644760972051624,-1.561542111455903,-1.5615329139864058
-0.0010085298609382133,-0.04065340556675191,-1.5615639654401328,-1.5624878563018814
-0.08151253625222823,-0.04304300125376551,-1.5630597500512924,-1.562309970180432
0.13467646778384046,-0.04086927296333779,-1.560035207747516,-1.564026402803
-0.14443885542834883,-0.050125965462394007,-1.563122786363384,-1.5609088445045607
3.546051020364433e-05,-0.041532689871377135,-1.563122119586713,-1.564065322840979
-0.11343614452935559,-0.04376017321210822,-1.565233004033934,-1.5638949835575795
0.22720887971033887,-0.03447116297165087,-1.5595034107574135,-1.56633651721764
-0.5065081930707839,-0.05850812056073988,-1.56774425968094,-1.5600642538990523
-0.019488588193033864,-0.028582775327625466,-1.5681215879027333,-1.5688770644214873
0.1008121089437916,-0.03125478919691785,-1.5658658581262614,-1.568761144182988
0.04420292385612125,-0.03614811067729829,-1.565109372645639,-1.5664007502140413
0.026783259272661744,-0.036571903659114134,-1.564424648288857,-1.5660335130417133
-0.4218519693048375,-0.04300893888064612,-1.5700697530502603,-1.5649140432484678
0.10372361664334173,-0.020760966265549127,-1.5675225509491495,-1.5711259489584692
-0.0909975500735081,-0.031755883264242855,-1.5692486020624565,-1.5679163471437396
0.016206535173485952,-0.023633913858998046,-1.5689598692140891,-1.5698143594269491
0.08816385838164705,-0.028421256910422153,-1.5672247603965186,-1.5694249964565123
-0.18172738480245337,-0.03318162871937811,-1.5698223117837515,-1.5676310044823774
-0.040890188824981674,-0.025406450540988657,-1.5704290201008275,-1.5703146443137954
0.10768377460406607,-0.021223697387796114,-1.5678486992459713,-1.5710378099990254
0.013172127679972384,-0.03287789695109079,-1.5676271101201065,-1.568205736519375
-0.12308114581721816,-0.03496924614864924,-1.569989134329396,-1.5682580628792262
-0.11671154371909775,-0.029459633465480948,-1.572569791808586,-1.5707623538734057
0.07567155318945597,-0.024731771053970973,-1.5711314148455469,-1.5731297652243585
0.029820574306715922,-0.03077793365875052,-1.5705758638278446,-1.5715921625305946
-0.18981436481685254,-0.033206367618585225,-1.574403826193567,-1.5711965585358245
0.2650450869660284,-0.02593940681403858,-1.568069113738772,-1.5751974752777278
-0.22921879761757122,-0.04279340050606769,-1.572268585228041,-1.5685443443939202
-0.12184247158318841,-0.031475476811188535,-1.5745560597607278,-1.5730719899238974
0.03739894595396292,-0.01948253503359786,-1.5738701232825072,-1.5751333535096146
-0.04199566299449273,-0.023403206487143804,-1.5748286143272192,-1.5743147843266831
0.13269735844726457,-0.020817956637272896,-1.5719704811632602,-1.5753326897766975
-0.023360749956039963,-0.03253940443902831,-1.5723771092075771,-1.572332848168173
-0.12537063114020414,-0.030518640821443118,-1.5748894215119151,-1.5730291689874836
-0.09379722764251319,-0.018896104711199638,-1.5771285617869553,-1.5756179666887857
-0.09235636218634413,-0.016759175546264625,-1.5786207994285297,-1.577433873495447
0.1979319095181521,-0.014849376615261166,-1.5745004426742844,-1.5789696758796574
0.10367191882448713,-0.031598227453626886,-1.5725899180757958,-1.5747740953626628
-0.2677382369596236,-0.03505182010707213,-1.5783379575654235,-1.5732682965594529
0.20800623528070614,-0.019534080306617914,-1.574633790741658,-1.5789621589937028
0.04628186189112614,-0.027402306290776737,-1.5735675754203338,-1.5750838058201329
0.0840965972921861,-0.032644429362969817,-1.5720205628153168,-1.5740716589933121
-0.2371618943230131,-0.0364439758480089,-1.5776546437766013,-1.5727960725509382
-0.17648679998854266,-0.01872849105292254,-1.5810326020305285,-1.5783521816606225
0.11465663678241293,-0.01631528054202976,-1.5788252527046556,-1.5813931596333015
0.041556190438422805,-0.01785771704573462,-1.5780910375661155,-1.579113511224917
-0.06681657872553182,-0.021180004960391272,-1.5794089364931805,-1.578443265509888
0.2188757632826491,-0.01686686912790269,-1.5746325305356579,-1.579871136146335
-0.34359909016128576,-0.03256618888961979,-1.5806832537065112,-1.574929553312418
0.03014325149671896,-0.009336644960264852,-1.5800111668493186,-1.5814093634144817
0.12910275255801526,-0.02080082271289425,-1.577667478412507,-1.5801806611970255
-0.08309035399995238,-0.024941344297917035,-1.5797678439779241,-1.5781932835108767
0.1212939306571717,-0.021652810713443094,-1.5778667268911792,-1.5801587655644722
0.06306951926959367,-0.024986730995404736,-1.5765469793245426,-1.5783198180924576
-0.35648032513962374,-0.033640953347508024,-1.5827480465343853,-1.5769816299555306
0.15828584509313176,-0.011376074766810643,-1.5790364860788462,-1.583536875327369
-0.003425566823881229,-0.022632541229496334,-1.5790937633832394,-1.5792267001166154
-0.10840828342381541,-0.023220875496724774,-1.5814769702708127,-1.5795913086485818
0.08506186593904844,-0.012019073556857104,-1.5796280734974588,-1.581981697051802
0.04387089945516757,-0.020434487175313956,-1.57872751962695,-1.5798747933811625
-0.06938753981446866,-0.01426366301463793,-1.5801964304248335,-1.579160110823313
0.05892384159440448,-0.0027177506046625996,-1.5791728820003785,-1.580444200247889
-0.24267760795410603,0.0041537224796861704,-1.5836932782697568,-1.5792235059940711
0.04542090427027084,0.018039792835034034,-1.5827391402212403,-1.5836060227488788
0.16144527731955116,0.03345699931678453,-1.5795186674044166,-1.58237928663239
-0.08248684971739272,0.023613318160374347,-1.5811731620936487,-1.578847597677825
0.14387016479915446,0.05148224831675817,-1.5786946172938303,-1.5807663601203934
0.006692107069500331,0.03972551409864248,-1.5785315772154278,-1.577440353171226
0.07749367107922278,0.061156993450650184,-1.576810156253065,-1.5776491266648514
-0.08829888873926185,0.07803985994542903,-1.5781334909818185,-1.5758935968886727
-0.1539761387871011,0.0814425554467633,-1.5817158382678669,-1.5763178468003156
0.4071532708516379,0.11521934181447477,-1.57365636038728,-1.5801037071095227
-0.2217289769403702,0.08356945264038779,-1.5773906950781054,-1.5717158490877237
0.01844780514561922,0.11508210212059779,-1.576975447224921,-1.575509602149879
0.24364942842915002,0.11608209991634842,-1.5728032677051154,-1.5750048159262584
0.0071511912605303415,0.1216994705635149,-1.5726276670234538,-1.569952820117939
-0.04633189324524834,0.12423149318264512,-1.5733383140552728,-1.5707610183399625
0.03879692703786458,0.13770644072377214,-1.5725752243770228,-1.5708948274856087
0.13204504697533084,0.13636274724270875,-1.5698022589976335,-1.5696833688974507
-0.08224196963929917,0.1391760371296096,-1.5713048014674902,-1.5673109419737694
0.09008041662599374,0.14305010072664462,-1.5693583335340189,-1.5682974697573677
0.15048035695306566,0.14128701546013853,-1.5665112176152098,-1.5666517994241012
0.1676475513581255,0.13426787911896715,-1.5629726877246288,-1.5635290784589468
0.2845703862504605,0.12572851431767518,-1.5576081037864027,-1.5604415342998752
-0.12297177579926657,0.10918252132024975,-1.5603552419100617,-1.5547993812753373
0.13633214244205055,0.1146239424783698,-1.557558100234625,-1.5581151320200266
0.07330666920908535,0.10956596579482414,-1.556347351990628,-1.5556649472845179
0.13528233419993244,0.09841392732186974,-1.553527819641815,-1.5540637959985286
-0.005260474034100578,0.09168940925878959,-1.5536284286358382,-1.551645607856044
0.08716482502350001,0.08436286349841964,-1.5517067227855355,-1.5516069701617816
0.14371577363880939,0.08323588699540313,-1.549003458490563,-1.5501198745854898
0.0188915992334755,0.06666637151937405,-1.5485368148598235,-1.5469474389849973
0.07007316244390507,0.06656637485249615,-1.5472313666042359,-1.5472948344015276
0.11951407575584856,0.06838185051633647,-1.5457935403850014,-1.5464305330749883
-0.013369218241516639,0.052869830929762426,-1.5459800488180968,-1.5448395734767224
0.05128145094738903,0.05318556857726322,-1.544863040284964,-1.5448284423170555
0.0316252270778322,0.04841769066945472,-1.544257951938245,-1.5438454359629297
0.11821433234311333,0.050211607118386445,-1.541328314798113,-1.5430580444311506
0.030499869072048606,0.036906293376553476,-1.5408167482094206,-1.5404861282134548
-0.019316363233161372,0.03112518799008266,-1.5412274421705745,-1.5400320667641938
0.11708945471186827,0.03296904459423737,-1.5390389437207395,-1.5406456867440526
0.0916528450572726,0.01658566115699836,-1.5372742189621191,-1.53840414303095
0.13004662390823513,0.012175940878248626,-1.5346460971134563,-1.5369390381081203
-0.08060302511415082,-0.0007682709127824562,-1.5363892946518571,-1.5343827686572773
0.13923264778266198,0.005590725684231719,-1.5339776638714553,-1.5364026017735017
-0.10132067871288358,-0.003433785360612893,-1.5364312631663246,-1.5338422778794654
-0.008732691820664051,0.005106059893315273,-1.5365668640873804,-1.536484582860546
0.019650932353539142,-0.00034933428898740635,-1.5360665465700594,-1.5364368625605747
-0.06203206593496737,-0.003255706161254641,-1.5371598379504912,-1.536072703452976
0.17909207934283186,-0.0025954775432029367,-1.5329982770982042,-1.5372354907619217
-0.21703144220398596,-0.014225484930061651,-1.5363877375641433,-1.5330388116328946
-0.04614787851644762,-0.0036492887789204534,-1.5372347769240626,-1.536648844814077
0.1922519044250886,-0.0029491596354902067,-1.5331715152788479,-1.5373119049773427
0.012837441786478943,-0.014809698500519556,-1.5328692849143708,-1.5332409469932315
-0.15203307625771145,-0.01517780853365119,-1.535764808509613,-1.533151340849186
0.20018464887553422,-0.005936894787286386,-1.531865356733483,-1.5360604612121391
-0.11882775350721697,-0.02454496094669158,-1.533852786766281,-1.5319646530902142
0.10699369739520717,-0.017341670912243548,-1.5314443786127057,-1.5344052892548607
-0.03219610711504221,-0.02873149755163595,-1.5322710615989066,-1.531889651832981
-0.0013916083695462457,-0.025427542790359626,-1.5323078589100794,-1.5330307881706953
-0.007442916498289453,-0.03143740218283526,-1.5324294585492675,-1.5327232847756602
-0.0068022242160032725,-0.03514030223029443,-1.5325958836454985,-1.5331986147131031
-0.060008265273009585,-0.040393006935211445,-1.533515070957385,-1.533134151495752
0.024853914825939443,-0.03856072174560385,-1.5330641123525728,-1.534247976585301
-0.05415889880931825,-0.04471724157218737,-1.5342382577716054,-1.5339000949110735
0.04893654178974783,-0.041527705028989295,-1.5331115388116454,-1.535267831216598
-0.15318146533858445,-0.04861783144061055,-1.535450947672741,-1.5337457557576124
-0.000455191527178064,-0.04097258457123481,-1.5354605350869803,-1.5364749546272025
0.026431908825480264,-0.044990192224082216,-1.5348991529596974,-1.5363307437744704
0.059066875800860064,-0.047495129966027984,-1.533824900969417,-1.5357173916575213
0.2340039901055203,-0.05258976532863764,-1.528576651116944,-1.534890123441585
-0.40120855944649486,-0.06814803095099782,-1.5354567739804152,-1.5294784864300324
-0.011438271277303173,-0.05139872588051882,-1.535700710024985,-1.5369101195701806
-0.005919251308862449,-0.05651950761638866,-1.5358108870530887,-1.5366574119067495
-0.03905981141251765,-0.054510872357415356,-1.53675943899664,-1.5371834407562257
-0.008226781369282895,-0.05596403750733111,-1.5369096188522493,-1.5377545347178347
0.009961055092466206,-0.059028599602482086,-1.5367261530309824,-1.5379403819599107
-0.08291490749486322,-0.06135198233331448,-1.5386865906569307,-1.53812182349802
0.03333106887548968,-0.05824568433604667,-1.5381100860157217,-1.539747753822584
-0.010145368708888334,-0.059303954758875,-1.5382983204863099,-1.5391907609393876
-0.06431621299624961,-0.05854780796876303,-1.5399178859217761,-1.5397916707760655
0.012132156791615304,-0.05515300343828293,-1.5397200338689199,-1.5408726876273442
-0.029740380063211523,-0.0558919504823198,-1.5404370838667913,-1.5410497902780165
-0.02060683208395428,-0.05564653650920836,-1.5406921252897092,-1.541128833211018
-0.03030228732206878,-0.04745690545045733,-1.541400391723811,-1.541992772120907
0.041306623388395414,-0.04408738477324751,-1.5403604541791502,-1.5425951690665947
-0.193338866396645,-0.04442108808653286,-1.5430769587707314,-1.5409799032604417
-0.04531650871363867,-0.035442311106884145,-1.5439451921272616,-1.5439280364796035
0.048768019115921886,-0.028284426901666104,-1.5428282831201234,-1.54475690925719
-0.02300012898340045,-0.033326072180905074,-1.5432236493834115,-1.5433144850967049
-0.007831092397788533,-0.024951586975244328,-1.5434191305747977,-1.5440555410229466
-0.005744582120856287,-0.027023015011019003,-1.5435192206771866,-1.5438538718392754
-0.06975569355427681,-0.028822743998708,-1.5451786006553836,-1.5441620563766827
-0.04996513860133537,-0.017050719819484184,-1.5459343609252987,-1.5456145663185226
0.04936434835712491,-0.01629873316236744,-1.5449484872250416,-1.5462748871714647
-0.013222991226839186,-0.008475836111304777,-1.545227502382872,-1.545292402873757
0.023741546240195366,-0.011595587613132731,-1.544683676981798,-1.5454216504356584
-0.07945892916788004,-0.013168486860242978,-1.545984765266367,-1.5448735471871247
0.008781390246973105,-0.0035323480371199233,-1.5457854417368677,-1.5462836688801829
-0.027634112091392087,-0.006314733036466024,-1.5463805796537224,-1.5458615156214008
0.037515893911051854,0.006194924950227097,-1.5456874535353116,-1.5464972477093668
0.029970140065083584,0.0033540345282094364,-1.5451665796715706,-1.5455797872218608
-0.013143250086045482,0.004590052877607438,-1.545485187944242,-1.5450852738194778
-0.06797932759908208,0.016534572092524423,-1.5465491801818634,-1.5454133458003942
0.035399905850285615,0.01864582228108632,-1.5458001812431175,-1.5461993380946473
0.042421893711548884,0.02731201707858265,-1.5448207657073214,-1.5453696957927516
0.13408573961037795,0.02429299673661561,-1.5427584118021813,-1.544400683413388
0.010014311036644144,0.027199183390518578,-1.542480442890174,-1.5420841070150055
-0.09117203968423275,0.02723055942311055,-1.5444803655260029,-1.5418838097258052
0.03948212153158808,0.044731241122832416,-1.543602022592827,-1.5438745781845964
-0.03389795061980068,0.04238266032878169,-1.5442122384626347,-1.5427967906330697
0.11523145204330261,0.05845806324226425,-1.542029098636535,-1.5434092695504227
-0.01905540497890412,0.04655365238584298,-1.5424621392641038,-1.5407006190570713
0.10717463676152598,0.06605369468141163,-1.5405984220701485,-1.541652592854481
0.011244740338992509,0.07011373775223052,-1.5403419029325,-1.5390915809793486
0.026148907683037407,0.07173899206619075,-1.5398706893796896,-1.5390784259311843
0.034622279612161126,0.08627943857535844,-1.5390531625741675,-1.5381767353803506
0.06406410809285341,0.08667873081674857,-1.5379122198226836,-1.5375165783154436
0.10325531778741298,0.09825815820158773,-1.5353988219085544,-1.535802322280334
-0.035855871038122114,0.09326593355838088,-1.5359630963339688,-1.5338525042719662
0.1660546378739569,0.10952506451500335,-1.5329862066447573,-1.5342911021065304
-0.009455482395479524,0.09885798197894174,-1.5331869463693708,-1.5306609914553626
0.035222900776380954,0.11525841261116944,-1.5324345124288021,-1.5310751356071248
0.0043119970338776235,0.11820977438985655,-1.5323563562077684,-1.5303454196253385
0.13144922190497602,0.12588970525971935,-1.5290715861011948,-1.5294024251947624
0.3621356105077714,0.11968432134945568,-1.523312113213645,-1.5270694125418247
-0.10162385345680752,0.10905578292667648,-1.5259391925952923,-1.5202181524728504
-0.06183019931944123,0.11722635518278893,-1.5269804414648853,-1.5241026432723908
0.20096200488255647,0.12598561906778205,-1.523601803021821,-1.5250095939387953
0.1361749789802221,0.11766975255613339,-1.5210622620501049,-1.5212522844548593
0.2698827186220168,0.11137827119374716,-1.5151528766084374,-1.518485750570488
0.09439850773656461,0.10274282731696918,-1.5134524762424857,-1.5131466197550405
0.12324042732941701,0.10033088847582691,-1.51166773512777,-1.511964576921392
0.16444186918599576,0.09732002362637023,-1.509628709646397,-1.5104236648725262
0.1436323156819255,0.09422018976871276,-1.5077778225790093,-1.50837461600965
-0.006876025737139142,0.08748660906027626,-1.5079266874188222,-1.5057379707818725
0.24458726605804473,0.09319523640535485,-1.5034690955979282,-1.5063322479401442
0.03402531968748008,0.07845933222363523,-1.5027026241452075,-1.501369732861873
-0.17769850485309235,0.07970420060287195,-1.5063202678903678,-1.5011053236349812
0.021406607828309047,0.090830034020431,-1.505828431346522,-1.5044889904236658
0.13901044045547345,0.08866832631024195,-1.5034098117370043,-1.5042480946416301
-0.005811345859200882,0.08319979178822537,-1.5035105108770048,-1.5018733648585945
0.04020528546025168,0.08090066384529034,-1.5025836132837773,-1.5015924126498008
0.2359831475506801,0.07906301587620339,-1.4982166098556546,-1.5010865001211777
-0.013742392269983401,0.06040638484407803,-1.4985602528840218,-1.4962395556664152
0.06663996533784143,0.06600157433849319,-1.497557278113504,-1.4976510975495367
0.06789748810773007,0.06171183454248045,-1.49623814852468,-1.4962749828173845
0.0800299402285714,0.055664483331514504,-1.4944056453347463,-1.4948250881958485
0.17537537033098885,0.05137175097603775,-1.490788633689791,-1.4932575988100802
-0.12816303500228812,0.03556285388777873,-1.4937582927130122,-1.489598301517789
0.13961565781971977,0.04372896546060178,-1.4896839014079353,-1.492720465115973
0.13919112144798154,0.027813290381694694,-1.4874557438217755,-1.4889838924913295
-0.12200379046239625,0.022223850158202905,-1.4895863212992804,-1.4869700345676782
0.10971365062080274,0.02280651231614997,-1.487476095303136,-1.4891588690536128
0.034478605141380084,0.015048253984394007,-1.4867379663092768,-1.486987846201401
-0.07712413363517887,0.006340150601903613,-1.4886751973671593,-1.4863599789840205
0.34434974996381057,0.00930711261147639,-1.4831138675940196,-1.4885728024378402
0.06657200428405213,-0.012858774882715671,-1.481161516033674,-1.4828409186866711
0.020172196605807245,-0.017853628305653166,-1.4807780748909263,-1.4814059407451574
-0.13172921250537167,-0.027276785281268482,-1.4837311832954327,-1.481178317925843
0.005608295149916497,-0.023294515963367495,-1.4836197943671472,-1.4842729400679167
-0.04562386555120143,-0.034906264572612866,-1.4844271063916163,-1.4840319896648102
0.0010676267879488443,-0.030048849476556706,-1.4844004240199888,-1.4852994916988864
-0.0679741963333239,-0.04161911689641151,-1.4855364864424947,-1.484902634720097
-0.01239905959302728,-0.03931497269109708,-1.4858071944033797,-1.4864451542478498
-0.026611017728437266,-0.04938544166629043,-1.4863147212188343,-1.4865570117569744
-0.09673305699587317,-0.04929180234675015,-1.4879406366949544,-1.4871448051259692
0.1118696809841379,-0.05333426440096574,-1.485197761058604,-1.4891491972498725
-0.1800100999523537,-0.06318573165396821,-1.4883474519788147,-1.4861309667418645
0.05729487892427969,-0.05952831402204445,-1.4870771660431918,-1.489748344131116
0.035276279975184587,-0.06639256795583558,-1.4864057289563095,-1.488210208353268
-0.027662509716079677,-0.07262923825772619,-1.4868623053567385,-1.487501554317191
-0.07640337714874186,-0.07104708555214259,-1.488856828160557,-1.4887583036402565
-0.09864139580496083,-0.07597778202844521,-1.4903915149464095,-1.489962195967657
0.10755538580979804,-0.07582552895439583,-1.4883577525752092,-1.4918281771179345
0.02171795359889698,-0.08939325130740784,-1.4878859158166562,-1.4900051118272901
-0.08952788480780309,-0.093339834007424,-1.4894889550043142,-1.4894865443277125
-0.19308261532845603,-0.0883654849012513,-1.4943049905254477,-1.4918171188079365
-0.04614028991041655,-0.08626294260786868,-1.495054094353339,-1.4957396352388104
-0.09058642589126223,-0.08622523005996847,-1.4967478340721745,-1.4966669957424936
-0.015955220264225554,-0.08584833128842144,-1.497085924041672,-1.4985749404936546
0.1330012538618716,-0.08752074335562357,-1.4946077264690085,-1.498685526451715
-0.24743093584128772,-0.10033926465261533,-1.4983143791083298,-1.4959188357417899
-0.08452229992224804,-0.09131031753389171,-1.4993290165311501,-1.4995188893143756
-0.12754352115605985,-0.09184245925665344,-1.5011078064837966,-1.5006024789064245
0.18231495919485488,-0.08649075704442308,-1.4976097776472588,-1.5028699634253724
-0.03396503752501163,-0.09312611674893087,-1.498448930216688,-1.499746649745582
-0.2989134668784097,-0.0965871636253805,-1.5032329094429466,-1.4999393729612105
-0.15204297208803538,-0.07994518374651777,-1.5070311707552846,-1.5056458015472547
-0.08041968511318155,-0.0787510763497896,-1.5082705871841096,-1.5082632742384232
0.05680177607337074,-0.07503413437011258,-1.5071623692438658,-1.5098070418807306
0.006699442146891382,-0.07664757313879444,-1.5069937309185497,-1.5090511281112875
-0.12538864174656056,-0.08206791156384935,-1.5091072762368767,-1.5082856989717333
0.15062858233107085,-0.07111066816560285,-1.5063943985489763,-1.510585350336285
-0.13897470557341174,-0.07814761778524522,-1.510125138374711,-1.5083033459409885
0.024484165213908886,-0.07076702465179441,-1.5097795128659293,-1.5112282925938207
-0.16252837967625022,-0.0682631384020332,-1.5128284622263157,-1.5111070660906543
0.0024003245836974416,-0.054965777603841276,-1.5127661258397296,-1.5146012547119294
0.0522537669576023,-0.06397956145457676,-1.5119788130801746,-1.5135943007363162
-0.1124384117771049,-0.059625823628697845,-1.5142062404756518,-1.5132462609717106
1.3188841855385546e-05,-0.053330009405159924,-1.5142059567159916,-1.5154890978818096
-0.04540821780223399,-0.04648645881254881,-1.5150531472572342,-1.5152009457668547
0.17566402455238128,-0.046463025755461025,-1.5115540260864029,-1.5159791294132416
-0.17104763164180128,-0.047555657134067786,-1.5148523064094137,-1.5124499641483675
0.22177952841247106,-0.041235490484113936,-1.5102963734758268,-1.5158292242794549
0.02018114005790717,-0.04659048428147532,-1.509914951591607,-1.5110757208482768
-0.162611177229693,-0.0423161810931883,-1.5141751409364625,-1.5111355582441697
-0.08914554194045071,-0.024235636111274363,-1.5154979657447816,-1.5148030679524964
-0.01335916816888867,-0.02353426979137667,-1.5156836364422888,-1.5158348016468695
0.18035664116191746,-0.012400463989969527,-1.5129865669769,-1.5160355700336199
-0.0992828752486429,-0.02107017506480307,-1.515139173319272,-1.5132554282217654
0.015504466024324953,-0.007238490939358879,-1.5148108048411153,-1.5155854177310222
-0.1534462137367598,-0.00686575530729085,-1.5181638408588674,-1.5149689770126065
0.15346084831248144,-0.002305063874082433,-1.5155768555710145,-1.5182795811806842
-0.038713776235167835,-0.003589042431899012,-1.516292011672355,-1.5156194368083373
-0.013272983822007636,-0.0024733123982600093,-1.5165728665143472,-1.5163679554057787
-0.09298396935832154,0.0023664881169137724,-1.5184889423332768,-1.5166238328702866
-0.046220310638542844,0.008407137938219669,-1.5193491574413747,-1.518444899166903
0.03427897568233548,0.016263923178164674,-1.5186424602093067,-1.5191758354271578
0.11178500590979541,0.013573537838208017,-1.5164211540992685,-1.5183192759715387
0.013438569632750998,0.011206305447121158,-1.5161439948786894,-1.5161412112727217
-0.07514379229019531,0.010918628850081808,-1.5176113962523907,-1.5159251591305052
0.07692394829083911,0.019144009462318683,-1.5160602457457526,-1.517391225069698
0.04587670984049404,0.011161875834517977,-1.5150135034840984,-1.5156234479930064
0.12191579841126222,0.01442282604526672,-1.5129760527200056,-1.5148269667698735
-0.000842996502350704,0.004767173202748898,-1.5129970523431981,-1.5126167701945405
-0.02849990256277034,0.008505549519184037,-1.5135429619081213,-1.5129057381556041
-0.1191525180368727,0.010672845243964942,-1.515529687560079,-1.5134011420482294
0.12451844236308006,0.014922195375801675,-1.5132590680375795,-1.5153350660220026
-0.060874962231901246,0.007396758624694364,-1.514507161047092,-1.5129531247227537
-0.043779004950704976,0.00845084736982044,-1.5153652571164284,-1.514362179919521
0.20338545979061362,0.016623382521763697,-1.5109044362978807,-1.5151799060302669
-0.10784711154417292,0.0011890036287560796,-1.5128321215473206,-1.5106073059545253
0.16278096887643387,0.0062986107144662054,-1.5087580798405595,-1.512802363459465
-0.26965150784626957,-0.004677119483770557,-1.5121073280001491,-1.5086798469743246
-0.03999285278828119,-7.115643398661849e-05,-1.5126375333863455,-1.5121693349281198
0.05057406264204036,-0.0011543494854563882,-1.5116412941524677,-1.512638935069888
-0.047798434762671316,-0.01039735502570703,-1.5126257748153566,-1.5116650697165064
0.10453790412950252,-0.006421134171560172,-1.510371394120391,-1.5128499958445025
-0.02110773487424808,-0.017421081069783812,-1.5107891651285452,-1.5104984832520447
-0.1649626733718522,-0.015551043805680656,-1.5139203183192724,-1.5111198343185057
0.1717502030289888,-0.003637658770025287,-1.5103823322095609,-1.5142406636580592
-0.12280285553702636,-0.02385563491183335,-1.513117528028526,-1.5104633540149177
0.0500142322607853,-0.009748318017821993,-1.5119687626773404,-1.5136654625979173
-0.3105916128947945,-0.0163977598329623,-1.516690020236004,-1.5121169454299168
0.13281390811325094,-0.014396411204194777,-1.51427528754021,-1.5169881532204854
0.058690495453188656,-0.016726682716325245,-1.5129460315741246,-1.5146013457091796
0.11504668421388621,-0.02978583940670047,-1.511010403061836,-1.5132274533656602
-0.08890964021288372,-0.03308538088308057,-1.513416427947663,-1.5118164514350627
0.13978673161076072,-0.02765326697092487,-1.5108015323744808,-1.5140353337265684
-0.10329437844319975,-0.04443930845902965,-1.512509337046608,-1.5112587342013788
-0.02676665896497328,-0.034822110182132014,-1.5129875920696472,-1.5133033592859442
0.029973030605658743,-0.04104590446519714,-1.51223268232058,-1.5138646321929978
0.12371140742602849,-0.04013249051737204,-1.5101861354523363,-1.5129117010867978
-0.2853107167525519,-0.053679864739028735,-1.5168084151459424,-1.511117641215709
0.09317077407643694,-0.028353437497251433,-1.514875983650936,-1.5179217756637404
-0.07522575703231929,-0.037652797360527915,-1.5161260324823127,-1.515347141174731
-0.06817384759318984,-0.034103325074663904,-1.517469808392671,-1.5168682074341007
-0.14374492261606026,-0.028619620260820478,-1.520995553403994,-1.51830628752573
0.018279319491416143,-0.025137036827346814,-1.520500971091295,-1.5217699125361168
0.10251816656705999,-0.030010570307453143,-1.5187896479654097,-1.520920580550568
-0.2529226584731994,-0.03261217395774919,-1.5244224074239472,-1.5194580037575554
0.3431991204336558,-0.015540270530888179,-1.5169578357189204,-1.5251317213366893
0.17547549883591038,-0.03808225868873298,-1.5138561524521146,-1.5172325236234259
-0.4346011319503226,-0.05739812345709002,-1.5216217273446395,-1.5145366169290402
-0.03477861224245112,-0.027176424785309957,-1.5224377963419458,-1.5229685559279753
0.042639831339049604,-0.03269530845840425,-1.5216947947108657,-1.5229113471818132
-0.039678035456540806,-0.039000124433269584,-1.5226121385124252,-1.5224507000426013
0.03188852049077809,-0.027156436360316324,-1.5220613297173269,-1.523285785681286
0.03002275734748544,-0.03694667471517294,-1.5214919049999602,-1.5225763905400282
-0.0587779445863914,-0.03564006232331057,-1.5227287449169644,-1.5222693585569
-0.026698829526830607,-0.03222334514735732,-1.5232616197672804,-1.5234400754588782
0.24485448029269793,-0.031771178244277436,-1.5180441571509131,-1.5239482484067877
0.09841713851806166,-0.05151318832737581,-1.5161823684356184,-1.5186451827651253
-0.660140521963681,-0.06535053349066318,-1.52935368833066,-1.5172101748793967
0.357583893341343,-0.013010214745737846,-1.5205694761108435,-1.5309590541358593
-0.030438980971625385,-0.06093061514270851,-1.5211113508514937,-1.5208010839543427
-0.42221251703242396,-0.05668186836310624,-1.528818637058356,-1.5222236098933757
0.2753497929574026,-0.01869722941251179,-1.5236943115948522,-1.5298735001772
-0.050702581267919364,-0.05906640198680066,-1.5246721573831745,-1.5240549048147065
0.3163612586691498,-0.06216610017156901,-1.5179796481801089,-1.5259216859776414
-0.6029112045397178,-0.09066895769244873,-1.529226131442167,-1.5191392716864935
0.37606393170581126,-0.017320730843452592,-1.520742084154767,-1.5312716339743369
0.07726085040493866,-0.07424821131584784,-1.5190529314414365,-1.5211207670109321
0.26635296911873996,-0.07701110692869585,-1.5151053635924374,-1.5201533503810334
-0.6923044536838661,-0.11663232481391722,-1.5314377117931317,-1.516922154177833
0.20492347260910668,-0.008637598755555064,-1.5268920041163512,-1.5340249042094867
-0.05523121482908231,-0.03420166488734484,-1.5277871616330372,-1.5270319976232127
-0.018559428855994493,-0.02551999766383758,-1.5281757397629052,-1.5285032407259562
-0.08438002167767092,-0.04240695792891522,-1.5298158405441724,-1.5286717738628524
0.022769372130333875,-0.01889707913846078,-1.5293479459461858,-1.5306872737316317
-0.1604234658878701,-0.024962716072136817,-1.532981232015838,-1.529775928810232
0.16230633173049946,0.024237344031205907,-1.5294787418789144,-1.5335199150474936
-0.22485995318023883,-0.013169080484046572,-1.5328888706539965,-1.529111168804459
-0.16797038155239605,8.015232704021652e-05,-1.5363197594398297,-1.533157856472418
0.001298141947983192,0.014659908809855644,-1.536293071154914,-1.5363181116014373
0.624326227745904,0.02131991480506748,-1.5226417996512738,-1.535972523360367
-0.4861721474252615,-0.08465798920134937,-1.5334311644246994,-1.5221686579071643
-0.269582093321096,0.0053381836160586145,-1.5383503918088908,-1.5349759699184153
-0.019679866272080265,0.04223835533261247,-1.5388854257861622,-1.5382052633018157
-0.210582216823986,0.015810083530668997,-1.543747845518964,-1.537910126848066
0.16367327515104566,0.08382495552339889,-1.5410498126048158,-1.5434872279825835
-0.07049342564551815,0.11984803217409537,-1.5425576810541792,-1.5392567800695744
0.27394662333381153,0.12582842591059124,-1.53740525832208,-1.5403035641103149
0.11767388533579963,0.06402595285772238,-1.5352253069965498,-1.5350742411803378
0.41446332581892187,0.06597250103694882,-1.52523859130771,-1.5336825673907384
-0.36486694471047976,-0.03963843930422895,-1.5317113349989333,-1.524068238399419
