-3.6540330662920666,0.0,-1.5640872248335511,0.0
-0.1572352646942048,-0.4669671459935948,-1.5682598053467396,-1.5640872248335511
-0.07614603980106086,-0.41625431203570373,-1.5701421863765392,-1.579803545499931
-0.4322271552619381,-0.42249325782829183,-1.5770507243577538,-1.5767954211155744
-0.05612044500078967,-0.39485633209069587,-1.57817056319726,-1.5854812412493957
-0.5477334239760946,-0.39141197043020665,-1.5896769632388301,-1.5864654283946429
-0.3103693553366379,-0.34439583290085507,-1.5958708028245499,-1.5974881176427358
-0.21306104254493324,-0.33189202706450066,-1.6001538626273726,-1.6027940203707431
-0.2239080233549628,-0.31517068543331367,-1.6045771402436697,-1.6067103519945025
-0.12080348890504292,-0.3007200058641212,-1.6070163355599556,-1.6109408874061697
-0.37967872906112937,-0.29000125737819393,-1.614619860370322,-1.6130386166374746
-0.33692154752240017,-0.252134576650943,-1.6214320263258868,-1.6204833520558795
-0.02047732059571271,-0.22796412622004628,-1.6219902784753535,-1.6283057122025308
-0.4534394613787153,-0.22502148116516402,-1.6277151583785054,-1.62486842948777
-0.13745284712384437,-0.2029137820231539,-1.6305353919900376,-1.6323321099933887
-0.20213997413389284,-0.18641243399438057,-1.6350618136587172,-1.635079141160674
-0.3449966560813504,-0.17260903788685894,-1.6407503089945998,-1.6381354847875107
-0.29250550818352766,-0.1446938033679073,-1.6466295643756843,-1.64421968849833
-0.020496037411664773,-0.12093992971671809,-1.6470381653412351,-1.6495141233066561
-0.137675167782358,-0.11971443801255159,-1.6497565112264871,-1.6494260800654634
-0.1650498411532658,-0.10006380544075043,-1.6533564147071083,-1.6523676038459691
-0.11503868930151373,-0.07513518691113431,-1.6554431157475546,-1.6551714844735672
0.06431867070176851,-0.06486136357769288,-1.6541466226146888,-1.6569576410448599
-0.31877363453760627,-0.05804631939871897,-1.6605681461688593,-1.6554532199265208
0.07308483260166085,-0.027717916151843304,-1.6590867609072133,-1.6617447098824103
-0.056978803155101114,-0.03559115937518471,-1.6602997889257185,-1.659676850678233
-0.2645423029557398,-0.0187497490383599,-1.665284164062972,-1.6609703799348448
0.1385870954089095,-0.005118066241210344,-1.6624375852607267,-1.6656692838896237
-0.12050358143949981,-0.011123364591242392,-1.6648450688647536,-1.6625398366661444
0.19753340408426312,0.006265489818050411,-1.6611621903229528,-1.6650524565770022
-0.23944103398050015,-0.006151480877241468,-1.6661012599225633,-1.6610329489403353
0.22314172161036328,0.02690312052755599,-1.6617396182998998,-1.6662214998975962
-0.12944521965915493,0.026153269582498296,-1.6644102431849785,-1.661184571590903
0.12638058167899044,0.038094534324934454,-1.6617278184243054,-1.6638551406765976
-0.2059361181877282,0.03579499288024785,-1.6654878195903668,-1.6610322848057113
-0.27958897806488026,0.05583807922124996,-1.6711217224376778,-1.6647665268065694
0.12364001872254525,0.07921169078986703,-1.6685646760757382,-1.6699669138343987
0.03158411969107192,0.06953006206152197,-1.6677163718432462,-1.6664371634770923
0.11271299281626547,0.07944453713058125,-1.665662021428535,-1.6664490901549334
0.4241204895580511,0.07985830464236944,-1.6593941084051238,-1.6644879412763627
-0.16095977630779587,0.07180190772268119,-1.6625967225151146,-1.6578051689873743
0.4699586399104403,0.08667060189957872,-1.6533223788951321,-1.6611797561945947
-0.07673213742101276,0.06633816471474119,-1.654894779753853,-1.6515463182583092
0.15367371262974067,0.08002687220366979,-1.6518560785284833,-1.65358302734703
-0.06734771542248871,0.07300212088956134,-1.6531921770564644,-1.650268440618578
0.04629869803760853,0.0876131856355653,-1.652263819669313,-1.6517283765377004
0.24217745286191206,0.08931558942006157,-1.6474522629719708,-1.6505231299183118
-0.0322710969752349,0.07760740584213137,-1.648100508004628,-1.6456581378071262
-0.004318650915919335,0.08802238608786866,-1.648185799811629,-1.6465677895678292
-0.06654925003931787,0.0951636184058163,-1.6495349507744808,-1.6464013246015732
0.07453086834483082,0.10455388565743924,-1.6480215720436295,-1.6476026159010981
0.16602543628242422,0.1064248065280184,-1.6447493979975216,-1.6459609329106835
0.19998426702770905,0.09881241684221645,-1.6407217760119992,-1.6426060349372773
-0.3389092227588961,0.09227225353951657,-1.6474209293972795,-1.6387685699841208
0.27429385575472837,0.11501677339883179,-1.6418070760715422,-1.6455324332223258
-0.2569472846780291,0.10209484041747943,-1.6470278615689289,-1.6394701068240591
0.20330400085365535,0.11840164028681752,-1.6425237004553508,-1.6447659699771526
-0.2515681197815787,0.10837858561909579,-1.6472040038122167,-1.6403208951278159
-0.00369964882116064,0.12337870207118141,-1.6472721124623588,-1.6452088092606107
0.012540331319012355,0.12410755498293866,-1.647021464537109,-1.6448060998102636
0.482469988456088,0.1304626502806229,-1.6368335044041338,-1.644400777545959
0.06307097725469382,0.10777019629729148,-1.6356355735121388,-1.6343555780134964
0.09294300073921366,0.10758481585637063,-1.6331416507973822,-1.6327437953429174
-0.221920815235731,0.10712316298650087,-1.6363558831479117,-1.6315834256476414
0.42906999168359705,0.1153957294776961,-1.6281152469946734,-1.6342984961787321
0.07227996670305828,0.09023221964031164,-1.626631202468438,-1.6257459542501727
0.02223835830487991,0.08782337167503795,-1.626200114983998,-1.624882063433672
-0.03576133338736196,0.08941673707384135,-1.6268960888861623,-1.624490928863228
-0.046273891634519566,0.09254978361274067,-1.627847095169659,-1.6250584245833923
0.10662428202112269,0.09989135614682321,-1.6257304489766495,-1.6260098481239162
0.19168237845725913,0.09422356607621511,-1.6215787743076342,-1.623566888526773
0.16419528897336944,0.08800511727627829,-1.6185714858280833,-1.6198530399912912
-0.2564330412007391,0.08025248446340622,-1.6241311674903163,-1.6166634616732687
0.1676909147376143,0.1009664562379058,-1.620490811221528,-1.6223889882234233
0.06898978555346238,0.09071172730011505,-1.619350078549861,-1.61882135052602
0.35649681470150646,0.09003148381520858,-1.6116374201541785,-1.6173875685461352
-0.3403162485424396,0.06744828113707069,-1.6179045785083814,-1.60997942830586
0.17898439672999142,0.08982614502355594,-1.614308507476707,-1.6165494390975468
0.0990105025753924,0.0776047828988805,-1.6120618826371376,-1.6122702828095914
-0.018703022945137426,0.0756334895979595,-1.6124183112675017,-1.6105829470362194
0.05325565751551145,0.07575758898518045,-1.6114206844224634,-1.6110014852789225
0.3589011460793884,0.07646032237724273,-1.6045442124497042,-1.6099691846346496
-0.10875033728622957,0.058748893402563014,-1.606837682614159,-1.6029317165944017
0.30989722464407793,0.07023803098473644,-1.6000353626382866,-1.6055481300161594
0.07930175659334658,0.04795309762250769,-1.5986185089634952,-1.598780447027512
-0.009077883912167154,0.04824478114977348,-1.598796239922219,-1.5976796613094946
0.10044789263104038,0.048999893952944844,-1.5967745193583258,-1.5978252144124128
0.006326857710124353,0.04189209695949144,-1.5965884894344198,-1.595333765201822
0.0920371129625856,0.04505603454152848,-1.5940546021476991,-1.5954351519547567
-0.20417832279846057,0.03699194840332262,-1.596751760997647,-1.5934594200507868
0.19634102794653052,0.04830318229244953,-1.5927989170736345,-1.596007019055462
0.06117992249611236,0.036900554591917434,-1.5915202122573648,-1.5917893454802343
0.1943322693291726,0.03551081741956802,-1.5877645986711098,-1.5908070819849498
-0.1536641204359673,0.02026439643267522,-1.5907201288195707,-1.5870815941337963
-0.07552906859742192,0.031389750516826506,-1.5922269631840076,-1.5903158462104194
-0.06395267119667132,0.03312240803530002,-1.5935292678332602,-1.5915877558253153
0.19177489413919802,0.035969378576524394,-1.5894764993484984,-1.5928292937723831
-0.14465113358732296,0.02102199345659278,-1.5922313967527135,-1.5887914584143956
0.18274139456258273,0.03162589591621891,-1.588160793917872,-1.5917631274458974
0.08928078173754182,0.020265502364951414,-1.5866345097255656,-1.587620138873583
-0.19554284564605728,0.018730097853413168,-1.590621681563417,-1.5862212906172803
-0.07278094805421242,0.028437210985178245,-1.5921763809418754,-1.590221581368659
0.22265355064335252,0.03273741593281438,-1.587820300001571,-1.5916200242504595
0.15749765621588271,0.02042646162245323,-1.5846822157973832,-1.5871680187531194
-0.0252264700096959,0.012209471947205914,-1.58516852090524,-1.584288443199845
0.09413908831453749,0.016724966044382228,-1.583325579935631,-1.584929498661965
-0.04718887625917178,0.011169415036742597,-1.5843399884856626,-1.5829660471410538
-0.09788504019626884,0.015266117087396319,-1.5863704774350273,-1.5841082945132485
0.2889416440880221,0.023010418889773423,-1.5811887115147085,-1.5860967008892175
0.06643024955931154,0.0015558571665386044,-1.579864510811766,-1.5807300287147645
-0.1321058173917058,0.0008876526306633018,-1.5824891125962934,-1.5798335999436726
0.10432113199009453,0.009225287238197719,-1.5802881061997138,-1.5824703845679375
0.003209368852101144,0.0015981218417116386,-1.580230187182425,-1.5801216187700453
-0.13346287769284546,-2.02664699886483e-05,-1.583027167789744,-1.5801966953540103
0.3579028198051798,0.007195875039699725,-1.575951462327988,-1.583027568455971
0.020072839842190607,-0.016116460413462676,-1.5755490439806745,-1.5758072001227537
0.009478830566912918,-0.014081724005775469,-1.5753476933183979,-1.5758913921168607
-0.04923234256289644,-0.014099903210306264,-1.5762896602074628,-1.5756171202248557
0.019243367637462927,-0.010520715849990894,-1.575893057178199,-1.5765802571773322
-0.126427853934679,-0.007997439104278583,-1.5787160160778269,-1.5761279701939221
0.2987831420660326,0.001761518546638746,-1.5735769480858721,-1.5788535719755064
-0.18492309193028483,-0.014371517125401474,-1.5774612860464114,-1.5735399471181322
0.07221288805584616,0.004269669897821636,-1.576105283462126,-1.5777311522003183
0.03536052196630149,-0.000387498291374163,-1.5753980146830107,-1.5760198830198267
0.044685081976113025,-0.0031493183352230155,-1.574365580714433,-1.575406967702253
-0.317362346997828,-0.004186550233976192,-1.579578223729109,-1.5744173079353097
0.27294938826328263,0.01316012586999119,-1.5736833607467307,-1.579668640271733
-0.009181986025355263,-0.009235756437965783,-1.5738533487149058,-1.5734397246693732
-0.020477231683954898,-0.006815100744773987,-1.5742696645035053,-1.5740411178081175
0.02694526097149216,-0.0056546399973746485,-1.5737308368890255,-1.5744059468902534
0.005736040808074148,-0.0058429484015550285,-1.5736143369623827,-1.5738456835518941
-0.0017383663307756396,-0.007568524816213758,-1.573648706789823,-1.5737298598672784
-0.20670887649362704,-0.006299255432882898,-1.578055071692896,-1.5738100432678879
0.2558453504732801,0.006821390298441753,-1.5733050132488597,-1.5781720244981934
-0.028434043894883045,-0.01075815806510308,-1.5738743104920163,-1.573168437575496
0.07126126946178646,-0.006545635001905899,-1.5723809904994563,-1.5740997537467194
0.08380783627941135,-0.013468471111275379,-1.570775149726287,-1.5725064113197398
-0.005271584027139261,-0.018385012681406066,-1.5708783730321239,-1.5710388769296317
-0.02702459737216521,-0.018884949161252215,-1.571426332093631,-1.5712511532129334
-0.040394262956498304,-0.016228463287980353,-1.5722319148347776,-1.571802954613718
0.09258742168114537,-0.01631969176332095,-1.5702478973944924,-1.5725796678406154
-0.21347104152230234,-0.026608223814088137,-1.574236931050945,-1.5705528558527573
0.033838551144954286,-0.01567570747163236,-1.5735412095538897,-1.5747839968288686
0.1348790281058237,-0.01871542844313783,-1.5706942270470745,-1.5738720872713556
-0.10320276798028097,-0.02661492636010599,-1.5728561363419304,-1.5710862810539608
0.08978375731832727,-0.017603370933224765,-1.5711084768258963,-1.573374201420861
-0.11849434476793878,-0.024153629469052616,-1.573253283726025,-1.5714271066433534
-0.14780079968584486,-0.01954710740647063,-1.5761980558329935,-1.5737345188377003
0.16149477968065998,-0.01008302285436416,-1.5728253158692458,-1.5766062876684488
-0.013508214387648779,-0.0224587126649316,-1.573101782631712,-1.5730316807228395
0.03308307384894413,-0.01946469367272706,-1.5724269652364844,-1.5735598878866806
-0.23256980720518833,-0.02116520598097823,-1.5766393675047918,-1.572779517963617
0.17021497481048978,-0.011125014844959105,-1.5731252552471229,-1.5770763261792953
0.015240417635373536,-0.021579107061364233,-1.5728294657771202,-1.573341172049634
-0.13664739649619412,-0.01957838802655679,-1.5757842434053566,-1.5732960788587973
0.14943016202328022,-0.011288502816331439,-1.5726825987759772,-1.5761906218851245
0.13799302330845847,-0.023395803831830507,-1.5702535843528778,-1.5728813040112033
-0.18991507818120001,-0.028102247957497783,-1.574106670226698,-1.5707282493563857
-0.06888860262492123,-0.01830268758250182,-1.575452479233171,-1.5746556762590784
-0.027697740279176243,-0.012310363217198611,-1.5760378999307383,-1.5758393256698804
0.03643227124345008,-0.013440954755243706,-1.5752811989997508,-1.5762935870726407
-0.14332497482925982,-0.018309138691104617,-1.5782927189162144,-1.5755636180477215
0.0036756897403896626,-0.008832139625591698,-1.5782323592459189,-1.5785933791059594
0.18244816198851252,-0.009462098016038789,-1.574182642908484,-1.578428402109527
0.047211407466223695,-0.022007579804503304,-1.5731578334066543,-1.574388034962534
-0.18990949261700255,-0.02378520475202911,-1.5763930788671556,-1.573532748434218
0.17792745152439574,-0.014376084166746793,-1.5728665612440471,-1.5768645010283153
-0.07496775546065104,-0.02289262933923854,-1.5744147101400212,-1.573163439797959
-0.2124947413320996,-0.02033855213703094,-1.5786808636385163,-1.5748743143172028
0.2930553331605536,-0.004249506066683356,-1.5727669409687777,-1.5790913002043883
-0.01385911568616016,-0.02059831943249361,-1.573088264770033,-1.5728654658295065
-0.020002022724813884,-0.015750025679146573,-1.5734170152470086,-1.5734268158971612
-0.30168261655986417,-0.017409715741320584,-1.5793390315223763,-1.5737261875469342
-0.018113388040756802,-0.0002978167922283075,-1.5796994376347948,-1.5796854365104724
0.14489976904741983,0.0022129148690634487,-1.5767019502420907,-1.5797055984595214
0.13272470530139932,-0.007414268972808772,-1.5735675135788876,-1.576649689877433
-0.31284908043358567,-0.01863918918662402,-1.5784205744369777,-1.5736825271774362
0.0529659345995322,-0.003087360727118206,-1.5773571652628628,-1.5787947976981924
0.11465338827614217,-0.005129606260306926,-1.5750434340477508,-1.5774194688981418
-0.13221722651713183,-0.014259238058839283,-1.5778772610693999,-1.5751533774886608
0.11644206268545025,-0.0018441734879977988,-1.5752768268687116,-1.5781957045035748
-0.012405841404325848,-0.011275324347638543,-1.5754792072604067,-1.5753069114506992
0.12364560076082737,-0.015213886604701972,-1.5729745188012385,-1.5757076114623607
-0.0169928690506088,-0.021746390522855763,-1.573311179291155,-1.5732759343245746
-0.10209336794217376,-0.01962137793345743,-1.575464672325656,-1.5737698839206569
0.08298633400229155,-0.008635719782505796,-1.5736537267754775,-1.5758928542363786
-0.27961898803403284,-0.01609535553741284,-1.5784043717185492,-1.5738004451324925
0.09725838837356983,0.0005908715395633892,-1.5766184160337604,-1.5786999307155822
-0.01224330291542432,-0.008942689637309017,-1.576833014427304,-1.576608059344552
0.03191229578031658,-0.00976200212102638,-1.5763123278099949,-1.576978924920518
0.06577510342613896,-0.008871854400880713,-1.5750127285508255,-1.5765052076393475
-0.1580026933225715,-0.016576510142810166,-1.5778733343921847,-1.5751733516262247
0.1297288948586044,-0.010239809450737297,-1.575104778963754,-1.5782270951113393
-0.15758878483002278,-0.020821221702645977,-1.5782806729390386,-1.575311142311106
0.2930496234131301,-0.010800946736069923,-1.572903245774486,-1.5786627399824251
-0.2208633885413848,-0.025896831700001757,-1.577287387491393,-1.5731176447361266
0.05264423561719433,-0.012853573019080577,-1.5762319182022044,-1.5778065955343286
-0.15068813296901518,-0.01592872128568868,-1.5794622450425517,-1.5765074624079745
0.1248576986911757,-0.0012080826488681375,-1.5765452400055424,-1.579834381968913
-0.1449075750247138,-0.014755652774457263,-1.5789724214344008,-1.5765654752193976
-0.008959141197400534,-0.009279080274796531,-1.5791503972329382,-1.5792655465261491
-0.05550390795747916,-0.008920163878308369,-1.5802833015393851,-1.5793397948878067
0.23757564772510778,-0.00818529778910343,-1.5759832900721544,-1.580444752459686
0.034952453101251675,-0.019134062800209985,-1.5752753833637951,-1.576149070345088
-0.18928687163719757,-0.023530899783661654,-1.5795259059785483,-1.5757050474284022
0.09556483046481087,-0.007895092035481326,-1.5777818944850803,-1.579955333409903
-0.04701928231042613,-0.01336387299749411,-1.5788411193118133,-1.5779597508257643
-0.0007085190022751206,-0.009781136322005824,-1.5788532173175622,-1.5790693082691074
0.005425854129279204,-0.0107293826367819,-1.5787362775497904,-1.5790640235395481
0.13314812398408818,-0.010548716391534681,-1.5761939485585228,-1.5789411442780603
-0.08477907734990328,-0.01621009333768201,-1.5781390366144628,-1.5764359679682645
-0.09447902785880644,-0.011667778840325247,-1.5797975707460412,-1.5784235970474596
0.046656887861514645,-0.006286434177001501,-1.5784938088144023,-1.5801236106208814
-0.13617125022092838,-0.011042118224464057,-1.5812912206794665,-1.5786229531494007
0.10009918762734743,-0.0025119633475248894,-1.5793031762917127,-1.581510525368
0.07228268556702726,-0.009512833029945775,-1.5778312772849659,-1.5793543276335202
0.049477133846298205,-0.013743627423672055,-1.5768188861807229,-1.5780259269501138
-0.11299614705036254,-0.015892028840290805,-1.5791286466710235,-1.5770998204288833
-0.0849710385254553,-0.006225299341752558,-1.5810157826966247,-1.5794815954011419
0.10266338463913637,-0.00032843269243220774,-1.579288524237574,-1.581120520144995
0.11678155303504409,-0.003379143598617494,-1.5767484728916819,-1.5792956677964733
0.05234018789087661,-0.012822816871528284,-1.57578263306167,-1.5768108286380096
-0.16218260876961127,-0.010398847359273811,-1.5790572160213847,-1.5760415349127477
-0.025932006021248948,-8.874773628948297e-05,-1.5796473706145535,-1.579293870583616
0.029726539875573593,0.0020277414538103777,-1.5791427577127226,-1.5796488771219683
-0.01064928853725878,0.0032112305480470975,-1.5793740544635464,-1.579098716272007
0.0047947677917831244,0.0014509306874282443,-1.5792828358737767,-1.5793129620530817
0.04063388124304829,0.001404885379612498,-1.5784334516760685,-1.5792525065633547
-0.0376299736924217,0.001023057959412755,-1.5791207545097756,-1.57840779176702
0.004381508421375699,0.006028043840403505,-1.5790324882434144,-1.5791001448252415
0.04500428829711146,0.004516443651294282,-1.578034868922375,-1.5788988633549692
0.0029690209290215404,0.0018511701437678076,-1.5779821906712288,-1.5779547353165033
-0.039092696658443685,0.00047214660712453977,-1.5787931329057834,-1.5779437898398396
-0.04489784995053044,0.0027604605100293765,-1.579673116223846,-1.578783878985197
0.0978575493724985,0.005248999098232344,-1.5777323921676252,-1.579618370400428
-0.018601436697401906,-0.0020725855523981785,-1.5781640747647414,-1.5776105789120232
0.02555104833290846,0.0014471655809149418,-1.5776983715176935,-1.5782018505072064
-0.018658137687312473,0.0003215245733374265,-1.578077810673824,-1.577668941394709
-0.01913123809857498,0.0002712627079259081,-1.5784263124149762,-1.5780719536627381
-0.0060406747423415496,0.0012334234425957571,-1.5785443764354556,-1.5784210106287901
-0.0025383184510796887,0.001372234738056577,-1.578598712726323,-1.5785179732649193
-0.033942044425490314,-0.000133270410437647,-1.5792698408968942,-1.5785715798471776
-0.022859494992045697,0.0033632902945244804,-1.5798014300623526,-1.5792729400513719
-0.06402956960185703,0.0013995530345811797,-1.580843155650212,-1.5797467111944765
0.11493686587251785,0.0029380774931595135,-1.5785826204244497,-1.5808156297653624
0.13778651930749522,-0.004288162051778059,-1.5755345528084768,-1.5785176252499935
-0.22163200146402814,-0.01170852048873908,-1.5794993327418934,-1.5756112638373074
-0.0976796250323085,0.0010948846102805405,-1.581451060288456,-1.5797332796060404
0.1882078958934279,0.008617583767698342,-1.5776894636791376,-1.581429177496461
0.0322576279304139,-0.006427013066485434,-1.577007072795928,-1.5775071638333134
-0.028610438846402245,-0.007796802760280897,-1.5777294988187782,-1.5771693576708072
0.029614009251035862,-0.007793265654122076,-1.577293616998788,-1.5778442581729895
-0.03333959632837247,-0.009432581694853783,-1.5780542913204003,-1.5774714277018993
-0.03918962141671122,-0.009109935630736225,-1.5786832326146945,-1.5782056717095245
-0.06035824593109552,-0.005060126336737782,-1.5799395400325713,-1.5788728484581094
-0.08086974739879833,-0.000664549112687758,-1.5819452112007586,-1.5800650375124996
0.12452985068365316,0.006784764482088206,-1.5800581595588767,-1.5819552813846327
0.023582705139518455,-0.0003672943596907272,-1.5795474797512836,-1.579911236540513
-0.06772282282394412,-0.0018654517327050268,-1.5807510147097592,-1.5795540071165572
-0.0007989506502580376,0.004171227503183895,-1.5807671217132298,-1.580788622586445
0.11618694976467668,0.0008863863026709708,-1.5784970143168142,-1.5806856225911141
-0.053769654709174775,-0.001540331518135687,-1.5796379790725332,-1.5784782056497924
-0.03800567773564779,0.0014766695065081858,-1.580172511842524,-1.5796596431428025
-0.026089318928038018,1.7019886288234854e-05,-1.5806517330430314,-1.580145387664403
0.06755993159326995,0.0012065225898656709,-1.579429975914471,-1.58065142525457
0.07632923451221685,-0.003864084047843735,-1.5780362767224516,-1.5794079459600323
0.0011622819136073038,-0.006836174450611228,-1.5780125791405868,-1.5781150609201444
-0.016274236567262623,-0.006790111949779543,-1.578359594127434,-1.5781583466533828
-0.03686913343904586,-0.00636158025532748,-1.5790741125580467,-1.5784911855070378
0.04856819035049284,-0.0014828569151343037,-1.5781032591779947,-1.579201277306183
0.28653150712316017,-0.006592918723010555,-1.5724108222697373,-1.578132718658797
-0.16582041340837542,-0.019800485165983022,-1.575837054681032,-1.572547047185292
0.003653099247845744,-0.006887741827933922,-1.5757623832192318,-1.576241788051627
-0.3123180278442078,-0.00873318576633079,-1.5817420134291549,-1.575894255687167
0.05796520279461152,0.015229571760739921,-1.5805501091430036,-1.5819215887785854
0.07978323705130463,0.009314616446668067,-1.5790197097401557,-1.5802579760033908
-0.03594768681339496,0.00484841857446092,-1.5797310435305656,-1.578835391860187
0.09220040717435704,0.01025094775644124,-1.5777892599194254,-1.5796289335723088
-0.016227733198840126,0.0024052008177464336,-1.5781747625220501,-1.5775457405694917
-0.12525833767212735,0.007674564266984514,-1.5801167830433287,-1.5781374719956656
0.08462646725830386,0.011040512089976187,-1.5782041899859784,-1.5799433347261442
-0.11971219271614018,0.0018901754231297708,-1.5802739990660026,-1.5780133008906116
0.09271826498380367,0.009351128523447128,-1.5783966897590271,-1.5802357278158419
0.11848586417348096,0.00543160088478356,-1.5759675666019042,-1.5782049787646397
-0.15892788090293997,-0.007449470359045268,-1.579099552707774,-1.5758605262361287
0.11585437322390056,0.0038903786237731966,-1.576882403252242,-1.579242116071512
0.07220342329991385,-0.0018981363627511997,-1.5754510749952308,-1.5768052821324918
-0.0629245252661297,-0.004951673736884017,-1.5770130323601614,-1.575498191887395
-0.10170751683513575,-0.002831102101433584,-1.579074727577379,-1.5771134068691282
0.02335615170338927,0.0015202956849091364,-1.5786406097283523,-1.5791273489154427
-0.05314559244822343,-0.0029355383285527606,-1.5795009636100057,-1.5786159982369092
0.12634475179636212,0.0004121205212267525,-1.5769336158805964,-1.5795606142686618
0.02027348065659899,-0.01003114774206876,-1.5765214859885561,-1.576925238079626
-0.04202209100376803,-0.010189605648237936,-1.577510556605751,-1.5767575883159612
-0.07330479847937872,-0.0066400915964736264,-1.5786594045727185,-1.5776702502134823
0.11287328116815482,-0.005454928058171904,-1.5763462889736757,-1.5787954801726471
0.030880629471129798,-0.012815811185137953,-1.5757320342804593,-1.576454794377169
0.03470378357361134,-0.011027035924895857,-1.5749990134269072,-1.5760027326276285
-0.017181432476980327,-0.01608382814075199,-1.5753409786214134,-1.5752184865406849
-0.1213344509557206,-0.014706943586549278,-1.57780125118402,-1.5756671069449413
-0.06735585304065635,-0.006673085030591715,-1.5790855767128276,-1.5780816797176405
0.05716790703190598,-0.004945741900640794,-1.5779061958602323,-1.579223243265994
0.04179246136497604,-0.007967531032404778,-1.577071134593902,-1.578005017450529
0.09740279112138062,-0.013621779312105741,-1.5749231569640563,-1.5772468387829264
-0.15051928437855278,-0.018059141173746948,-1.5774767393268332,-1.5751542525047018
-0.22801436345642528,-0.010879725535779051,-1.5819913030812103,-1.5778343007670086
0.2587594975997825,0.002517543247303165,-1.5766152454230529,-1.5822173432162694
0.025331907893274514,-0.012527813800721554,-1.5761007019152462,-1.5765641089062543
0.002115146185235498,-0.013391649598886878,-1.5760570470299977,-1.576359265733531
-0.29346016485668286,-0.015133169006844612,-1.581631826305761,-1.5763114443881148
0.2299256513597525,0.000957849007534604,-1.5764447309238778,-1.5819732288008912
-0.28736688225701984,-0.014945027141565809,-1.581261511321817,-1.576428675669746
0.07493855856133926,0.0027191063666230954,-1.5790880218348873,-1.581694971212128
0.017690969206702895,-0.007882524452953803,-1.5787040830803338,-1.579029010352831
0.04211911677429108,-0.008061192050560656,-1.5778983748590727,-1.5788548700683438
0.04903189304911032,-0.008125186039033259,-1.5768524837154365,-1.5780703268039913
0.012636108884005574,-0.011885807659065363,-1.5765618983772498,-1.5770393339519022
-0.12173034674996419,-0.011579993425996766,-1.5784659956623357,-1.5767478153215362
-0.15292062312747984,-0.007109953803567957,-1.5816152613294179,-1.5787044754368467
0.139209122874243,0.0018987637274170584,-1.5785071467243055,-1.5817740048858908
0.01975474456581471,-0.00752787643385815,-1.578136341154437,-1.5784715060627093
-0.09266354527109277,-0.006490665965341373,-1.5798725631106338,-1.5782773897654065
-0.012144068644880213,-0.0016437348040620084,-1.580129622886582,-1.5800099543909036
0.18468086211043588,0.002066955034926989,-1.5764386950791538,-1.5801624736455995
0.023617959824061115,-0.008136828720190236,-1.5759971771033836,-1.576400055086122
-0.08288413423221219,-0.004736565543890297,-1.577738388450869,-1.5761681137806063
-0.08692384973363561,-0.0026757526920615374,-1.5795246332086146,-1.5778357226738517
0.05664057353360414,0.002695213868076332,-1.5784373183503675,-1.5795759989607172
0.006715333813837931,-0.0036195072254641566,-1.5783025891222442,-1.578383244480901
0.035179421308183946,-0.0034207804131048533,-1.5775206795677545,-1.5783830374973706
-0.07349387454269163,-0.004230592316137581,-1.5788663926025939,-1.5775833159278578
-0.16692574606529648,0.0023215331133541535,-1.5820600786931829,-1.5789473338842923
0.21123072673284196,0.006738344786930092,-1.577558329789927,-1.5820106021832614
0.03280654527128724,-0.00702769828889658,-1.5768339943742316,-1.5774095539364508
0.02023091378714498,-0.00750643715425653,-1.5764802057445901,-1.5769568914303567
0.1760421635356308,-0.011121788384177388,-1.5727046394478106,-1.5766411958764954
-0.18735677807158735,-0.023168444795954767,-1.5766677030098488,-1.5729398930358778
-0.09445909443677797,-0.00768565704895765,-1.5791383251908095,-1.5772736846144
-0.0020099309867058564,-0.002648544355317403,-1.5791873301204697,-1.579325712263086
-0.02425049465905081,-0.005504266168165911,-1.5795815021865338,-1.5792303800547196
0.09475046800436586,-0.0043121347200723486,-1.5776413366800386,-1.57969421073123
-0.11106368608901734,-0.011763987616167565,-1.580182032255885,-1.5777399811784478
0.05552839473421218,-0.0032992058814570575,-1.5792064502742347,-1.5803887145200783
-0.002215758895400422,-0.010210023729429826,-1.5792480405515052,-1.5792683770875118
0.07934583496627527,-0.009432523672185507,-1.5776869099470183,-1.5794489229358588
0.02665715430336978,-0.009712530474744862,-1.5770466952357238,-1.577913447271702
-0.14222848438928953,-0.011837674744059777,-1.5794752553961204,-1.577212537293796
-0.015887716922050595,-0.002351937742651236,-1.5798361274033585,-1.5797441351519015
-0.07239910005324672,-0.004987148047447731,-1.5810186293746624,-1.579874541845182
0.1584619230415653,-0.007720557075161833,-1.5777968038052381,-1.5811200273685109
-0.12123459651440381,-0.011967738108086351,-1.5805857489433306,-1.5779744116064534
0.00971380678557637,-0.004186050318842868,-1.5804274976264339,-1.5807807199117352
0.10742687626194036,-0.005349056353378175,-1.5781086386049488,-1.5805178554668924
-0.0756311895777143,-0.01321931800672676,-1.5796460728218713,-1.5782173744626267
-0.04621264563300657,-0.012279357953957137,-1.5805259114833092,-1.5798977543021424
-0.05538929159753644,-0.009648202817149464,-1.5815989384979143,-1.580763792893715
0.044789885533446545,-0.006180993956769016,-1.5805140745344943,-1.5818326293730625
0.14236349784561475,-0.0048073586006733135,-1.5780074841794793,-1.58062290313221
-0.08899885183921086,-0.015113960534406822,-1.5796016449126613,-1.5780935943050949
0.004791131751938318,-0.007909604462757664,-1.5794975704311933,-1.579929955150615
0.023146882491145663,-0.007413040322685325,-1.5789939773516348,-1.5796696550335587
-0.06145099214281904,-0.00934553615908703,-1.5805217750529128,-1.5791782807382775
0.048767015249499335,-0.006420777972468632,-1.579344347443166,-1.5807474130634676
-0.08278124838896185,-0.012181546211400128,-1.580871722485682,-1.5794628155288684
0.025769761591642574,-0.006331622289167778,-1.580311206283231,-1.5811366824077253
-0.03904393072208597,-0.00933573614859484,-1.5811390935853196,-1.5804454619690156
-0.05055555322259458,-0.0115423578513347,-1.5819673900230369,-1.581292049225253
0.1420923568669911,-0.006004794937526257,-1.5790571470085442,-1.582203793071366
-0.12964323989889745,-0.013158072067533791,-1.5820963095401726,-1.5791979144546406
0.1371597174365278,-0.0036846833928123853,-1.5796827808723881,-1.5823278453346559
0.045371410479016765,-0.00792996572261261,-1.5788375859568653,-1.5797514204768446
-0.003675874046637621,-0.008136782958070816,-1.5789227892408462,-1.5790213950626317
0.059031144522531616,-0.007305736656790341,-1.577962610442943,-1.5790551391477077
-0.02652937973719659,-0.008324079432756731,-1.5785285105483495,-1.5781184496365126
-0.0046184048511826,-0.006988595151447723,-1.5786214533385428,-1.578696027947365
-0.19386834225272642,-0.00953426336599138,-1.5826048031069424,-1.578765045729928
0.15218507468148681,-0.002485260388475321,-1.579034808732909,-1.5828284601682434
-0.05291088073251338,-0.009509832510989984,-1.5798280233567368,-1.5790720665682891
-0.026383391070608452,-0.006668581212523747,-1.5803763228281296,-1.5800256566376465
0.05878326746813809,-0.009433711734876305,-1.579011021322339,-1.580531207446884
-0.10559679437380716,-0.010585218980721936,-1.5808185493060205,-1.5791725006366675
0.1193615690991476,-0.005584915460609576,-1.5781331940281642,-1.5810566918997522
-0.033823226177547544,-0.017561300328667956,-1.578683035635661,-1.5782239842703036
-0.030962030840889172,-0.01322008344137511,-1.579377674627524,-1.5790770267152126
0.10976877997456264,-0.010230207986723527,-1.5769076635234174,-1.5796751522245693
-0.19756847065410962,-0.018616398142909264,-1.5801417766508017,-1.5770751277439794
-0.11642691743777706,-0.00905457782848252,-1.5824688971035386,-1.5805138778953254
0.18166735027686698,-0.00260819228210404,-1.5784829867888406,-1.5826675609531888
0.10951643263667789,-0.01946024963745876,-1.5764967157538596,-1.5785302908934291
-0.24397516174887746,-0.029045640080376273,-1.5816095270313066,-1.5769045301522397
0.08116841350639371,-0.013318875175610811,-1.5800185943582432,-1.5821788329449953
0.05787811464154188,-0.022104890975119418,-1.578941303219606,-1.5802664999144653
-0.11353749292864478,-0.019878108368433834,-1.5812529257787087,-1.5793913586447044
0.4003914752596426,-0.01591933874976075,-1.5721647744145864,-1.581704122342191
-0.3838978151887024,-0.04540439191830672,-1.5786749129026232,-1.572434734533656
-0.05312368713821599,-0.01711665800629048,-1.5799523347856577,-1.579766715203006
-0.1704469478860151,-0.01413586679951287,-1.5827631239045274,-1.5802346004212247
0.24499765089054185,-0.007059777817905372,-1.5779378260852073,-1.58304153378721
-0.21415466061274419,-0.026639732578295612,-1.582011984035831,-1.5780721339253643
-0.027205713392797936,-0.013074335907031557,-1.5825887695172907,-1.5825767702172953
0.03683066888619869,-0.011122406009116603,-1.581833110602009,-1.582857017116053
0.09630379261590544,-0.015266042910615549,-1.5796709325989726,-1.582082826848488
-0.17509891648025233,-0.02042583297340299,-1.5824814547628883,-1.5799159686781103
0.07815718718054947,-0.01199311414224494,-1.5809072065712009,-1.582892873492017
-0.04347194760742244,-0.019302070904369847,-1.5818816787396583,-1.5811760455947084
-0.11665596679089525,-0.016287618307442832,-1.5839167522798905,-1.5822184050542203
0.11872844017245122,-0.005511145178076257,-1.581292772182438,-1.5842767198345182
-0.006648604098667698,-0.01646008484609725,-1.5814172952841432,-1.5813959915772668
-0.13781998909985907,-0.015868561514250996,-1.5841050831670411,-1.5817383025407086
-0.03857383668824735,-0.004134660819130154,-1.584960240114286,-1.5844568788862838
0.11360720291150404,-0.005194220513674687,-1.5827667290780372,-1.5850400715325894
-0.20433123261135247,-0.008193898450435532,-1.5856156132199304,-1.582839149394118
0.002832213624476333,0.0007163939073585941,-1.5855589575221711,-1.5857795242434725
-0.005314368582808398,0.0016145281301030467,-1.5856415650032916,-1.585547821769117
0.04444099040526841,0.0015812284677830962,-1.5847502454911933,-1.5856091836271775
-0.1722024934936198,-0.00214244326880143,-1.5879802657211584,-1.5847205862229938
0.1930338334227596,0.001317670981484886,-1.5837708775827817,-1.5880269848642377
0.007905726712752421,-0.003293094248838975,-1.5835841319916675,-1.5837397521397614
0.002432401325167114,-0.002347012200581961,-1.5835444160883012,-1.5836379011668482
-0.11825755216463381,-0.0008885684976082239,-1.5860438285019676,-1.5835940209661443
0.20492857444239349,0.006720040114671712,-1.5824693201911237,-1.5860593275385861
-0.11303871100941632,-0.006184346560707612,-1.5847594952822586,-1.5823331715359894
-0.1671167880075422,0.00575873827417945,-1.5888035160858058,-1.5849091488655163
0.5859183137687202,0.015153047863374739,-1.5798325191833607,-1.5887153440283608
-0.3933622356892966,-0.007953104623993254,-1.5888018223465594,-1.5794870048766938
0.39285384121043704,0.01851873003829347,-1.5816036768256665,-1.5889475447461419
-0.007213518925928828,-0.0036955349259857146,-1.581744581345721,-1.5812419431427223
0.05775959211742383,0.0004530864857829557,-1.5804711393725415,-1.5818260578436598
0.020842225475093668,-0.002910660823374803,-1.5800258268639702,-1.580461458780619
-0.13658511836209977,-0.005350200582331984,-1.5823132826740944,-1.5800745730823837
-0.07147777331302822,0.004546167493450511,-1.5838952059832605,-1.5824316916090349
0.14065312385619635,0.010869365096603852,-1.581392774575923,-1.583814322800529
-0.01713182530681653,-0.0005631438001532771,-1.581787370257928,-1.5811424215366852
-0.3090422093919849,0.0017438428799688636,-1.5867431078395375,-1.581796400716582
0.18133250794288125,0.009063952584515448,-1.5827363994944528,-1.5867045760291139
0.22814793991768845,0.002479493816398184,-1.578460322735875,-1.5825665178071517
-0.14864647095600222,-0.0114653803811951,-1.5829753180978834,-1.578385010466373
0.0077628436652183615,0.005456765084871237,-1.5828255138475804,-1.5831965724199482
-0.011830457918679716,-0.0002447793752430695,-1.5830527978735087,-1.582720679736715
0.06424173494852664,0.002242133310775857,-1.58158660263315,-1.5830583844965227
0.013457623144354586,-0.004170276867219152,-1.5813510856292168,-1.5815473638675739
-0.22628627670812357,-0.007544998687534216,-1.5859451625775083,-1.5814357508289911
0.1567964618622984,0.00481987362135209,-1.5826616474981976,-1.5861031643376862
0.015803751845906187,0.0027131683262083374,-1.5823083948138883,-1.5825539114801068
0.17268528610353717,0.001374973125633354,-1.5790862402297106,-1.5822577694945157
-0.12989288226503198,-0.009310889844380194,-1.581598621298568,-1.579059645574247
-0.02493203924464496,-0.004337040261203624,-1.5821549209432169,-1.5818063718423951
-0.5417655041642625,-0.001148596507430743,-1.5908163407275813,-1.5822242589243827
0.2599201783986641,0.018351845786157412,-1.5851884294360699,-1.5908412106676275
0.1325446184228732,0.0043871978119499055,-1.5819113954083857,-1.5847346982787611
0.12251327903518176,-0.004717109419702341,-1.5800371715683177,-1.5818442794941354
-0.053275485647998395,-0.00876324439194931,-1.581049116497939,-1.5801267710323428
-0.11454386352988638,-0.00726306449096555,-1.5832747494625727,-1.5812193898324924
-0.10852588287106298,0.0011526402673394023,-1.585576035211663,-1.5834287623705132
0.17102007251224763,0.010233931605966098,-1.5812632493216165,-1.585546967917934
-0.3475188935348642,-0.007499033189075809,-1.586666884155562,-1.5811041200473728
0.1898777304530462,0.013161201068554156,-1.5828295405052561,-1.586818436248179
-0.0838966785873458,0.002166763748047416,-1.5844076198625154,-1.5825819810062063
0.05303511950167263,0.007510030900526747,-1.5832576352611802,-1.584360636939343
0.12068737639420304,0.004187723981421936,-1.5808743618206755,-1.5831093309586313
0.06840656634698047,-0.004108458570034385,-1.579599488926815,-1.5807963164505308
-0.20563579090337963,-0.009213622641353362,-1.5827675410128332,-1.5796627843808113
-0.10651695647490053,0.002132898251340954,-1.584766735121705,-1.5829404695372256
0.13640385330820726,0.00986372534914991,-1.5826006597371851,-1.5847328649759
-0.03632780264803863,0.0007914623727947115,-1.5833236899794507,-1.5824043425583583
0.00606536856024921,0.006736963980232495,-1.5832055872738968,-1.5833082789048156
0.07957521958377162,0.003666662992219589,-1.581232534268904,-1.583038545485068
-0.059602075115392485,0.0005782880374401833,-1.5822700524622264,-1.5811687071361096
0.08993871928409851,0.0055543524255330335,-1.5805530636291527,-1.5822590125662785
-0.20007688817563937,-0.004150941468525623,-1.584215483721607,-1.5804513908567035
0.10246165043598611,0.012526606285858154,-1.582143240774223,-1.5842994347330004
-0.07616021521298871,0.004300725946104266,-1.5838490224193598,-1.5818626788690537
0.18491611369933286,0.014062287196877955,-1.5805268576855447,-1.5837717564646405
-0.12505292571272422,0.003311626820394282,-1.5831178058612996,-1.5802355037875688
0.1411935220082804,0.01498904336509336,-1.580210352490649,-1.5830496129270606
0.16492190177166033,0.0005150429819769199,-1.5771969121897131,-1.5799364738434614
-0.18573260382262524,-0.010816907816114643,-1.5816928298755812,-1.5771844448533165
0.0674110778633771,0.009901412942587293,-1.5804399329527927,-1.5818938720625102
0.04611505445584585,0.0024361241988054287,-1.5795849751935218,-1.5802563640527252
0.05641668121586607,0.0017256283099524154,-1.57851031127731,-1.5795385702169185
0.01022525093843966,-0.0024093063778215444,-1.5782996702849466,-1.578474763195229
-0.019412293041933943,-0.003383365856272744,-1.5787458290843444,-1.5783550441265937
-0.07635780150359381,-0.0015700118280796076,-1.5804275997297483,-1.5788203472772167
0.04592689864288064,0.00395211026547497,-1.5797361839220467,-1.5804512357911478
0.06587606545274403,0.0027441311731208097,-1.5784191350518157,-1.5796571700598132
-0.004289924100463442,-0.003670417580611153,-1.5785019202902466,-1.5783661799066588
-0.00516198429768504,-0.0020849719908683545,-1.5787144484194462,-1.5786530379490389
-0.036615780425731874,-0.00698414498419002,-1.5793900016345839,-1.5787529157009168
0.0010653436652692842,-0.006872937210663138,-1.579367696824545,-1.5795362267751045
-0.11029771527272937,-0.006139241443814569,-1.581635394439889,-1.5795090029548169
0.21486343435383204,0.0022992960595702838,-1.5772912055208042,-1.5817595199093157
-0.16592880978438196,-0.016148017992429844,-1.581027497987942,-1.577239431253525
0.13511385352831773,2.861152973886291e-05,-1.578883872664363,-1.5812836915564787
0.008171814619507889,-0.009461435916934444,-1.5786987732419258,-1.5788832245858302
0.03292687597792752,-0.01106195414503052,-1.5781163850265512,-1.5788661206933583
0.030184792731708487,-0.010241012823225823,-1.5775261762048938,-1.578332681456982
-0.0005522206603188405,-0.012607372049983795,-1.5775385152170551,-1.577755004988115
-0.1280262988525456,-0.014688580568183836,-1.5798604643541976,-1.5777671688367838
-0.015376821420396609,-0.006507174819264238,-1.580160649918888,-1.58014721411423
-0.08673075645533954,-0.0055214701280391,-1.5820691672552094,-1.5803038408290173
0.13028872457366888,0.0008821992914036125,-1.5790329828209673,-1.582197836882698
-0.06336372895491908,-0.008590241645917679,-1.580127854077862,-1.5790177391687559
0.10145458312910703,-0.004726208057673573,-1.5781772081668168,-1.5802930168455231
-0.15739215617995655,-0.010198094202512577,-1.5817458935660798,-1.5782843694771302
0.10502890651378737,0.001744239059258332,-1.579966290960231,-1.5819186893764894
0.08116649566749579,-0.005100275483498386,-1.5784564984355398,-1.5799338460570564
-0.017454185218085654,-0.010933154561991653,-1.5788533006041714,-1.5785724477249041
0.06630776243093578,-0.004481019186670347,-1.577499575719909,-1.5790765095144323
0.00472146021718068,-0.009995789478713893,-1.5774182641993642,-1.5775767464397499
-0.1375355565088391,-0.012649288163626357,-1.5803145648881554,-1.5776287611260287
0.06713737874123124,0.0023018739449422797,-1.5786637357442213,-1.5806255959999154
-0.006061385347667411,-0.004297525501355864,-1.5787660637046403,-1.5786248756400674
-0.002847518145990479,-0.007256446510516614,-1.578818053281958,-1.5788445273079863
-0.10734744460383765,-0.005284991858415301,-1.5808560224703894,-1.5789558154286072
0.031514233843129506,0.003919267632568826,-1.5802052338379196,-1.580965160856595
0.13457855324070267,0.0010643069395359747,-1.576870276317737,-1.5801081114454574
-0.17020819162131073,-0.010384302786449648,-1.579689424160128,-1.5768526482671499
0.1200873449916424,0.0019686276526889313,-1.5770727748582472,-1.5799156934530212
-0.0157622910365275,-0.008043977121357133,-1.577329887520049,-1.5770406628324822
0.016480691552822068,-0.006181092365607311,-1.576983095090347,-1.5774991516775294
-0.026694026610152147,-0.007626365457289202,-1.5776324562785347,-1.5771334568750806
-0.022488117568350972,-0.0016762665440538962,-1.5780032527765453,-1.5777582040026612
0.012595788466610162,-0.0012003583502974426,-1.5777592773645093,-1.5780357213926903
0.040962563591703735,0.0012439366162251622,-1.5769970323947196,-1.5777816140308267
0.023927446097512912,-0.0008275255292862389,-1.5765068576533363,-1.5769715492609713
-0.05754746613643503,-0.006361718520752935,-1.5778721731753482,-1.5765264907236667
0.005688396486560489,0.00018402249877212865,-1.5777696619751984,-1.5779868183837331
-0.13694121065876377,0.0017807662452230962,-1.5804607829069546,-1.577766045629206
0.09640658273888955,0.012264412510192061,-1.5786433034609417,-1.580427211485202
-0.014920859963150509,0.0032344421319528416,-1.578929667869748,-1.5784079221728315
0.1186044850515254,0.0057213217586856305,-1.576529925023399,-1.5788642249030278
-0.09458365984809225,-0.007519514719937567,-1.5785372804904891,-1.576408501021307
0.09010791788989915,0.0033231464328971833,-1.5765419451028353,-1.578703791427264
0.049486028929327214,-0.005477633319684627,-1.5756854764701282,-1.5764844304720749
-0.2324945094938853,-0.008603355420345354,-1.580434916320567,-1.5757973745533613
0.028714156941521032,0.0068864574122144764,-1.5797288210668734,-1.5806464770653426
0.146573834876968,0.005338785045876028,-1.5777686342168218,-1.5796367258898987
-0.04880175026864388,-0.003604124415897047,-1.5788263709744392,-1.5776529205558782
0.0700536972213939,-0.0019845581261733513,-1.5774197031616906,-1.5788987412562383
-0.08608842556357688,-0.006578686841299838,-1.579161030432291,-1.5774598452035804
0.0439369250209035,-0.0024078810084287305,-1.578088812515459,-1.5793215738908308
0.08408741452761931,-0.004283770680034236,-1.5767221402264815,-1.5781279477923356
-0.022163275728377816,-0.00871110346760711,-1.5772029121206672,-1.5768150649623978
-0.08851812690491756,-0.008379806018688783,-1.578712190858118,-1.5773514408311484
0.12257868500886701,-0.0044999891531192215,-1.5758492478905033,-1.5789079092793872
0.00787812762472329,-0.011630961937362945,-1.5757207802312634,-1.5759226286607375
-0.14345646010003046,-0.014013790442193565,-1.5789015615662316,-1.5759786671651268
0.149734802334306,-0.0014929569441285363,-1.5755059623300223,-1.5792193581998804
-0.18464519948522337,-0.015784170785460457,-1.5784385002000738,-1.575529673494944
-0.04985448654497903,-0.007253090205594716,-1.5796143936258742,-1.57881079372759
0.015798298528098373,-0.001815643469196117,-1.5793631081472814,-1.5797297602421176
0.05189536799035802,-0.00023037690583052885,-1.5779873619299791,-1.5794112408560654
-0.036087766350814586,-0.005414794210473025,-1.5785364430135653,-1.5779908671511074
-0.6154915925419472,-0.007053390200097059,-1.5903217978138442,-1.5786401248050215
0.6564832268942629,0.03201520512199444,-1.5776358737551668,-1.5904580979792848
-0.06953432712716909,-0.011250452870720786,-1.5792553225946924,-1.5768902422243236
-0.07682061209067399,-0.0032156703360390884,-1.5806707414347114,-1.5794626120515007
0.11595455623411871,0.006093168141069449,-1.5785453937312148,-1.5807296819178271
0.16344601853153948,-0.0022724076638613432,-1.5751873553642013,-1.5784202081037018
-0.08571742342005878,-0.019679508187495517,-1.5769476028603333,-1.5752340203214632
-0.022030448455734663,-0.007097238963735111,-1.577482761089639,-1.5774256526275174
-0.11170267815374603,-0.0051581604501107145,-1.5791979413868076,-1.5775917382837052
0.0003838625572355745,-0.0016573316642449294,-1.5791894972971938,-1.5793114090023952
0.14389184171442723,-0.0011601876905152732,-1.5766937002627575,-1.5792182436347444
-0.02693655070328228,-0.011014960566993139,-1.5772425585316752,-1.576717340208883
0.15057746895266297,-0.006402824875216669,-1.5741816488836446,-1.5774664685183863
0.0298770261286694,-0.020220632211622822,-1.5735501524548248,-1.5743169823343584
-0.004653127290642385,-0.02156995637135958,-1.5736564710368586,-1.57401217053649
-0.16587281818510932,-0.020713146797816964,-1.576255787328871,-1.5739944838567257
-0.12803263402952347,-0.009800592231507026,-1.5794252047956667,-1.576768536361576
0.21429136568316068,0.002965980581855549,-1.5759449851340481,-1.579584372262218
-0.05233217670758943,-0.010297539574444792,-1.5771463919217235,-1.5758768941539412
-0.08092481131908716,-0.00169335562595971,-1.5783877857942423,-1.5773043571034937
0.09504738336783931,-0.00022884705228277,-1.5763211422537693,-1.5784246049295212
-0.015015481060769161,-0.005483941170044884,-1.5766908278206095,-1.5763267765356082
-0.2699333280690915,-0.0033609153972097524,-1.5807245390640927,-1.5767727763347648
0.31030586154791556,0.010688324650061103,-1.5729213635825245,-1.580809055071919
-0.503097661382955,-0.016740901704915774,-1.5800972424869233,-1.5727689118236177
0.14563368085950523,0.011351196070363745,-1.5772037380674186,-1.5804298569809316
0.016868914583941394,-0.0032210060349604185,-1.5768630139077673,-1.5769744626909346
-0.021954502994550026,-0.002753058253457622,-1.5773916530038918,-1.5769405720159766
-0.0035243766275154004,-0.0005988717365416253,-1.5774541956514354,-1.57744050804131
0.10090394357454997,-0.0027744295478912538,-1.5756325712275823,-1.577465007115719
0.026837865655662884,-0.00967265974679594,-1.5750766440835566,-1.5756900415463717
0.04368548258070451,-0.01022955421610937,-1.5741121960330557,-1.5752901882013015
-0.09748780303226029,-0.014488231273306678,-1.5763575069949036,-1.5743478001753364
-0.2585658198793289,-0.005331315754974948,-1.5802995793668642,-1.576578393329562
0.14374460243810164,0.004192446361229393,-1.577033550755741,-1.5804207124702667
-0.004302060816754306,-0.010771211036117877,-1.5771062014910504,-1.576962751126479
0.10144497375369095,-0.009732849657100608,-1.5751726466076263,-1.5773115022263027
0.038348934904603275,-0.016819901207392615,-1.5743369216828342,-1.5753847511958745
-0.14708820117894503,-0.01942776663252024,-1.5774038075227503,-1.574687627697513
0.06513965665520415,-0.007520841735394107,-1.5762683568168123,-1.5777424533257896
0.027858812031514513,-0.011594724512118224,-1.5756379192036152,-1.5764385514937258
0.0862275924534622,-0.013639606380414228,-1.574093336007878,-1.5758456139348613
0.012220370196386065,-0.020685472304214844,-1.5738639977864142,-1.5743493088645493
-0.13218195277874817,-0.017056739134108975,-1.5771865540673873,-1.5743839526250623
-0.013018977113089697,-0.007289312487499174,-1.5774264720172972,-1.5775008812107303
-0.023867492551076983,-0.006735344640567908,-1.5778182483709322,-1.5775461234746402
-0.0003826241482709507,-0.00841430316084989,-1.5778274504806764,-1.5779802333915525
0.12866816854929136,-0.006464123936165248,-1.575537237183973,-1.5779772198385429
-0.07204046839058782,-0.014122617439570204,-1.5773359370329272,-1.575698632841266
0.07239313462572057,-0.007694226979239733,-1.5763044700437991,-1.5775371579603579
0.11922554353024538,-0.013310477778973623,-1.5739488986924464,-1.5764564869699247
-0.2319489452138241,-0.019576077519918522,-1.578379886345048,-1.5742031725915344
0.05549927552437589,-0.001620131997836554,-1.5770345432701565,-1.5788544247975975
0.09765291193642986,-0.009610813399516405,-1.575289863197165,-1.5770634887665702
-0.08940720748854107,-0.013069465234525585,-1.5770551332094838,-1.5754796206134263
0.00263406083506776,-0.005361734883269172,-1.5770070032245473,-1.5772939405887554
0.05106540661349233,-0.006548615266491185,-1.5759545647403816,-1.577117506528198
-0.0699329856389937,-0.010177861655859754,-1.577772707254373,-1.5761248179580154
0.03000988190101936,-0.005161638269319092,-1.5773159232729723,-1.5779276256970594
-0.023441122698247677,-0.007191517933256823,-1.5777636643293782,-1.5774145140018057
0.06848941294959686,-0.004123090595255886,-1.5764571691563776,-1.5779008487942716
0.02687158663426558,-0.0074680789683050945,-1.5758897162079575,-1.576544237327927
0.0365997532318508,-0.0075136435976995725,-1.5750037504922194,-1.576070495075138
-0.08520027934282791,-0.008610267557960008,-1.5764460375162166,-1.575130942923365
-0.1689054725531229,-0.004377150248695939,-1.5803604220359322,-1.576645580476726
0.11639284819805513,0.009892088041142838,-1.5783850783047,-1.580434708183563
0.07998315421389794,0.004944527856784554,-1.576698517171282,-1.5781764892413839
-0.07621089726285919,-0.0016406653222564506,-1.5780605474053384,-1.5766101492780284
0.07303418218512071,0.007038530813435125,-1.5762013753791602,-1.5781023124936875
-0.0027594394384646624,0.0009432494786896031,-1.5762427113385753,-1.5760959393184912
-0.16366134439612462,0.0009054106417945552,-1.5793826821286994,-1.576224614360197
-0.06801435992008005,0.014484357336049096,-1.5807492922257798,-1.5793644897451125
0.07912057230514899,0.01899521196989673,-1.578908353712064,-1.5804122773320615
0.08867934961093997,0.01208381977880861,-1.5774062420214334,-1.578586599773958
0.18706584663766634,0.012043798369526376,-1.5735995896957147,-1.5771603451808751
-0.0699224241697987,-0.005932808858299546,-1.5749282195140313,-1.5733707396546937
0.0013088496919326246,0.0016420877162567319,-1.5748955883305416,-1.5750761315131385
-0.03961383844012883,-0.0008574369148247679,-1.5755466192280436,-1.574868601553148
-0.16568783112240823,0.0024182651097549514,-1.5797763300791812,-1.5755685080426791
0.2821796715262137,0.02089418163386295,-1.575510168796923,-1.579739769298861
0.18042862532951018,0.0034515929248107764,-1.5723299683600067,-1.575141891948171
-0.1375122492388898,-0.009273308980020116,-1.5751552238889126,-1.5722590537175052
0.020753910927061706,0.0001448052921949848,-1.574648427751825,-1.575381671674374
-0.18263394481959866,-0.0014619740491217449,-1.5768036917400183,-1.574646718903933
0.06559795152900187,0.007351031601160207,-1.5758877329470344,-1.5768241056089607
0.03986474682189489,-0.002243700131455598,-1.575094772821266,-1.5757415116510853
-0.26859647261573333,-0.008352114650810651,-1.5809360985444652,-1.575143567889814
0.08311384579333228,0.015769012120222133,-1.5794996846713012,-1.58108044384867
0.30296981969030923,0.009365282819318341,-1.573443616803346,-1.5791844776724382
-0.09560661145970382,-0.011786389856898397,-1.575548564974782,-1.57323742358465
0.15868422960144382,-0.0005726495983965468,-1.5722468177953817,-1.5757938047163937
-0.445923323979314,-0.017706718857953628,-1.5814195846111125,-1.5722585973569134
0.06257331007040633,0.022456124683898092,-1.5800512469799686,-1.5818067907491635
-0.03795470121921826,0.015017939008874027,-1.5806537002566912,-1.5796948019161499
0.07762239259463569,0.01502857893004049,-1.578810200263956,-1.5802970303637862
-0.0221494496571814,0.004649413371796622,-1.579149441445801,-1.578580022405969
0.12625201732990174,0.007518673584166464,-1.5761408036274267,-1.5790386440011384
0.10602930262321407,-0.00234259384485586,-1.5742581994516311,-1.5760073057552744
-0.054434119981709425,-0.008588947570831009,-1.5753522667268163,-1.5743052830687736
0.003515775067735058,-0.005764378841163521,-1.5752685564395041,-1.5755567687939311
-0.03532006572873518,-0.0024189414118283657,-1.5758290639503976,-1.5753600335522853
-0.20375136253174603,-0.004369394307340697,-1.5804614239747699,-1.575884059447646
0.059272556838458515,0.01658635095801725,-1.5794266035326632,-1.5805377078199427
0.24357938612361468,0.006746188624073142,-1.5738466936937685,-1.5790466438637647
-0.059868938072170454,-0.010786579707734098,-1.574825495585673,-1.573736399734981
0.14511340395880618,-0.005535618409683938,-1.5714927652979915,-1.5750732243268628
-0.19183678633752407,-0.014701083194477734,-1.5750500415216957,-1.5715954136175772
0.006200726483689787,-0.0018981464864701316,-1.5749283703242016,-1.5753385074621684
-0.16500689400926094,-0.00138233926384917,-1.5772382600655637,-1.5749549419963915
0.22013380340488212,0.0028316245089440623,-1.5727815821718951,-1.5772662459575233
-0.21570900389892664,-0.013365593492734773,-1.5762262988832136,-1.5727363631773708
0.025074854753101776,-5.876197225285261e-05,-1.5756866606406963,-1.5765139410432039
0.28130618215800957,-0.0030798828799262793,-1.571040951453732,-1.575687631081631
-0.12437473990240355,-0.016068208604904367,-1.573618293223274,-1.5711047739855255
-0.09331611237069692,-0.006103232112544789,-1.5758665501696938,-1.574005423170019
0.023198274570100392,0.0015441235703965801,-1.5754600511682375,-1.5759734959579208
0.147953955215856,-0.003845945018444597,-1.5727343893741534,-1.5754316047599273
-0.2283688709161336,-0.01050071345053174,-1.5770952435178411,-1.5728078302297428
0.05585464593252481,0.005900151915300553,-1.5757545761558052,-1.5773472899423808
-0.2782412091769009,-0.0005820166386683403,-1.5807125361633447,-1.5756494417750246
0.24822276479065764,0.016594961187358294,-1.575862541499123,-1.5807239081162532
-0.1879563862263781,0.00276554866332209,-1.5797566850821074,-1.5755187215155881
0.17169168529428783,0.01752857025844097,-1.5764402956960526,-1.579703265860216
-0.07050472420727015,0.004227048872566822,-1.5779775705426549,-1.5760581052760747
0.0072089811714974835,0.01226687295650451,-1.5778445079643737,-1.5778995481414135
-0.03014034631285628,0.007611441176139297,-1.5784423559629557,-1.5776011887480057
0.32040391743589747,0.008513912610614885,-1.572168654169462,-1.5782933193577233
-0.3026342413409596,-0.009928837455321958,-1.5779204526043717,-1.5720068406581695
-0.03509464459262241,0.011705649492912851,-1.5787629391454967,-1.5781588055503049
0.15653095370985964,0.009675736227965588,-1.5760285483032097,-1.5785584567730468
-0.004388314015677025,0.005446859298614638,-1.5761174601496963,-1.5758325077347652
0.17301860640453756,0.003818499067896654,-1.5721429407235705,-1.5759923369127011
-0.33053510826236027,-0.012424549479979199,-1.5774843918053287,-1.5720812337355168
0.04251392999200607,0.008524713000201165,-1.5763470897674,-1.577816764405241
0.02158031207994478,-0.0017557283067209054,-1.5760427748826704,-1.576226878482021
0.07789538315265986,-0.0022451461117430397,-1.5742284677244507,-1.5760836685827313
0.09504516047548864,-0.010623022997599721,-1.5726638259637793,-1.5742654275164871
-0.04454968161129916,-0.016959809065817427,-1.5735599701601053,-1.572877514593247
-0.12627089172530556,-0.013304051659219962,-1.5763107841663424,-1.5739294399538473
0.0264527897170874,-0.004144358404624171,-1.5757043692195771,-1.5766157718770895
0.07818002856936793,-0.0059920662633280875,-1.57450234054393,-1.5757680892991892
-0.01167160811281494,-0.009483321666966204,-1.5747335463009904,-1.5746210388589674
0.09399793108154278,-0.011719426505659554,-1.5729662264202449,-1.5749118487670626
-0.07475417255926646,-0.013890722417174907,-1.5747816195125295,-1.5732508308134918
0.10549567648722516,-0.009056440333602842,-1.5729202361844643,-1.5750267097378643
-0.16801689951162949,-0.016919345570796985,-1.5762390705189662,-1.5730991278627116
-0.05109706814169313,-0.00791796678688942,-1.5771524649178918,-1.576541515180468
0.12268680933717065,-0.00866269230582676,-1.5746662041652042,-1.577312923325521
-0.08715901503473497,-0.012914065485731261,-1.5768736361229485,-1.5748855997587452
0.08203705977719082,-0.00662712899913913,-1.5755420094445411,-1.5770832574108664
0.06308691154632964,-0.0076904599297456895,-1.5741649523659886,-1.5756866659933413
0.13199153108407655,-0.012946657622055262,-1.5719939528994673,-1.5742914452119132
-0.28798103043917683,-0.0192315799654258,-1.5780306112287736,-1.572265340735158
-0.03468275142036449,-0.0014566139834359206,-1.5789225647799374,-1.5785251993263771
0.34342933752655963,-0.0019241572764751524,-1.5731776229233443,-1.578946931255739
0.07794707398215159,-0.017078309339702512,-1.571874900960636,-1.5732097811791417
-0.21822844485948792,-0.020985045276847754,-1.5762314010895084,-1.572215835694819
-0.0397783337422428,-0.0007037070135653548,-1.577100324924261,-1.5766898015376662
-0.003522191092328318,-0.004987486271523152,-1.5771922622285144,-1.5771186932989787
0.2209955787891034,-0.0011451885672529663,-1.5738698234611517,-1.5772672438993287
-0.10637543040079504,-0.017048630679777292,-1.575730041197779,-1.5738898497028935
-0.10423145170203964,-0.0088313955276159,-1.5778416809705464,-1.5760754318262964
0.06413383075825106,-0.005951263059296689,-1.5762731918740194,-1.5780576660041614
-0.11814556605563725,-0.008510279163413228,-1.5781394410379928,-1.5763671991235488
0.03956046503223873,-0.001977447536357286,-1.5772070833622254,-1.5783400105736254
0.25383594646720725,-0.00568736937164589,-1.5727922678269575,-1.5772414759146798
-0.18548739052016813,-0.01708431039499564,-1.5767888024054473,-1.5729148086007032
-0.05245952596384736,-0.001697956625225217,-1.577698985506968,-1.5770852185536484
0.006294872438735226,0.0011122562035901216,-1.5775585212723093,-1.5777368738327708
0.07767696021881315,-0.0031192609066135546,-1.576066987272365,-1.5775371640006084
-0.04656394647535616,-0.002806429339122038,-1.5770277847605083,-1.5761313499020557
-0.058585554952998456,-0.0012805938367529532,-1.5780859218710908,-1.577078472801858
-0.09757243376041776,0.0029084184715852095,-1.5799754423635863,-1.5781107209685803
0.07418931865470685,0.006900033101024024,-1.5780564944756383,-1.5799002145062004
0.2057162320081155,0.0015710119285678983,-1.5747450661384792,-1.5779454241681812
0.04026374414374013,-0.008517797704407682,-1.5739506875975726,-1.5747140710536927
0.0088994443106024,-0.008872718949932393,-1.5737792000544495,-1.574114821014241
-0.10285969658285093,-0.010609440414668454,-1.5762841450579015,-1.5739952776216506
-0.06926930334841203,-0.005299397073244908,-1.5774075344336753,-1.5764562058708247
0.02313569311262734,-0.001198631220371532,-1.5768620758105454,-1.5775324756583415
-0.0659337121040656,-0.003851369942740879,-1.5779145336102374,-1.5768812087963364
0.14104039304582683,-0.0005904100250950501,-1.575311292865638,-1.5779856199348068
-0.03816997140028207,-0.01004156329898147,-1.5760949946257103,-1.5753234151009674
-0.05177503127508316,-0.009619465058345579,-1.577774956570851,-1.5764208166251676
0.11945071431033719,-0.008592710602668243,-1.5756276196446293,-1.577947883393847
-0.07307653744472231,-0.013045836175666478,-1.5771119554504276,-1.5758021553911545
0.08396810809788097,-0.010193929880257467,-1.5750703810448257,-1.5774291478445313
-0.06883452783555497,-0.017167716962564125,-1.5761782182371253,-1.5752344442702468
0.020858456981133287,-0.012799916739038582,-1.5757885106425233,-1.5764989701359038
-0.20033315556988196,-0.015414194019816157,-1.579760637178096,-1.5760423023266188
-0.01750289959791329,-0.003538945310241145,-1.5801209729757348,-1.5800779723639615
0.0544986864930919,-0.0022653053803644648,-1.5789332631828918,-1.5801980985042894
0.20844898277200136,-0.0047835202513995985,-1.5750347943175964,-1.5789756295325774
-0.2770910941283308,-0.01586151715842388,-1.5805144450063577,-1.5751293914396105
0.053617238162566104,0.0005575740478413323,-1.5794073944820952,-1.5808419423092324
0.16572178947351196,-0.004729669468628967,-1.5754547381898616,-1.5793940956963677
-0.1721406032904979,-0.018964370545758894,-1.5784535187886515,-1.5755371315402398
0.04164904521575225,-0.008175993377051306,-1.5775712764141636,-1.5788552367923725
-0.024983000576471542,-0.014452456664337346,-1.5780027529067495,-1.5777124823887998
0.07032225440691385,-0.012481217768227908,-1.5766935024269604,-1.578271826843322
-0.16017354295577477,-0.01408673304435673,-1.5801383587820104,-1.5769619362865992
-0.0007819092105933054,-0.003055327657576816,-1.5801564049601875,-1.5804634754208837
0.32444120084095246,-0.004636111810267521,-1.5748406424968584,-1.5802064645581462
-0.1676549204057258,-0.019480346408796253,-1.5784240966192713,-1.574939734691339
0.2885292401702745,-0.007204463249263754,-1.573087999579093,-1.5787843686622445
-0.1029611137901389,-0.024258984312820548,-1.5751490118835674,-1.57323221409715
-0.10867970855445108,-0.012644138999329023,-1.577823650049069,-1.5757460323040524
-0.023847843009356075,-0.012819600870019864,-1.578206433065016,-1.5780266018069415
-0.04627086155909231,-0.009160056711689157,-1.5789146988115659,-1.578402662049624
-0.004066112841567806,-0.004441544782527173,-1.5789925184155171,-1.5790900092402849
0.026822757999581302,-0.004545907716638787,-1.578560705869644,-1.5790640216800278
-0.13285745222674167,-0.006250805568814311,-1.5810885839097086,-1.5786472008316987
0.030494557847283447,0.0028705553600665472,-1.5805029039966776,-1.5812086371756144
0.06917189567376067,-0.00237288969342048,-1.5787394288636412,-1.5804297217751095
0.11456447738166577,-0.004695641542824639,-1.5768302139283328,-1.5787789730272952
-0.19672745808481895,-0.008204644070504618,-1.5814460793031466,-1.5769403889360367
0.3268370484291321,0.004463075012949083,-1.5762160525384157,-1.5815773695234263
-0.1227233628849815,-0.014157311190279815,-1.5789456740736072,-1.5761167845149349
-0.04095074792371224,-0.006726522647001,-1.5796171532244874,-1.5791778148714872
-0.07178391234136013,-0.003352903070209729,-1.5813422040697611,-1.5797787993816763
0.16109802937797874,0.0043139808857869735,-1.5788044602636226,-1.581395021655624
-0.1769328488833528,-0.0032241336556408894,-1.5825945731580677,-1.5787120496418257
0.02903251567088361,0.00822017799154266,-1.5819553641994077,-1.5826655589155532
0.040398570116882734,0.006771797575087921,-1.5812185723455838,-1.5818054440372924
0.09976798721088917,0.007805764416427557,-1.578702408172659,-1.5810477865562633
-0.10367695329668768,0.0023104129545033934,-1.5802607125992647,-1.5785850845355691
0.012988345527857955,0.003538418364744952,-1.5800141532036478,-1.5802168537397614
0.10124080171694014,0.003388347797330501,-1.5780287800826671,-1.579944763386568
-0.08150399080288663,-0.0033815495484110776,-1.5798864855615156,-1.5779515500942294
-0.051830709835699186,0.0017058511342371214,-1.5808492262073723,-1.5799492968794882
0.21557030673389993,0.002619558961517632,-1.5762025682966665,-1.580812456270049
-0.24178090497579716,-0.004676115983600955,-1.58015903697729,-1.5761597022027154
0.0353689894683238,0.005712046408747063,-1.5794186357061142,-1.5802569250501604
-0.03732175569467474,0.002442939293597679,-1.5803798726552416,-1.5792715196350446
0.018632189599558157,0.0018244502175762901,-1.5799099837012525,-1.580318263675621
0.019352875993060566,-0.0019761787776762367,-1.5794638847163527,-1.579867928691426
0.10052270634956119,-0.0038728861257941193,-1.5777691189919791,-1.579497202164512
-0.10809925393007278,-0.008722332154900434,-1.5800897340268258,-1.5778522599707094
0.03203323487527978,-0.007343912796303358,-1.5795534109835077,-1.5802357694723361
0.07950909300567122,-0.008440767335902556,-1.5777408336274037,-1.5797208309544388
-0.11989089325768475,-0.015881889184072177,-1.5804620796145865,-1.577932419523692
-0.006588436025555137,-0.0028284100597774,-1.5805739979396256,-1.580731866621555
-0.022081350786714544,-0.0008368317781032481,-1.5810057797241894,-1.5806293050607743
0.010011444971664528,0.00017243120940208212,-1.58080821242536,-1.5810222938831786
-0.010139430968417195,-0.0007873499134715222,-1.5810091877797907,-1.5808047946375636
0.06505143586541026,-0.0013051970721477649,-1.579720753993617,-1.5810247823353383
0.0023890212284486865,-0.0030245621179013885,-1.5796704811016986,-1.579748219647986
-0.12981057243122038,-0.008167458285807833,-1.582262573823836,-1.5797308763784979
0.09074507451462879,-0.0009366197504513436,-1.5802351287619698,-1.5824450528515754
0.22781970856759975,-0.008715704722375983,-1.5764568220994888,-1.5802506622584596
-0.1550344698505197,-0.01881278004003294,-1.5801089609987151,-1.5766621374998733
0.10491269219361637,-0.0026783225888004675,-1.5783771765968155,-1.5804195018717828
-0.10670336288113261,-0.00910983062313684,-1.5805265567378595,-1.57843112741175
0.1949846524400142,-0.0038981916379842076,-1.5768181188910928,-1.5806998177624463
0.07409792595836541,-0.015444676236579512,-1.575365346549541,-1.576894547278534
-0.08628447007796783,-0.01836953953452796,-1.5775167064204072,-1.575750433885001
0.005790478354441143,-0.01160450058966325,-1.5774199679867476,-1.5778235965204723
-0.04208290130028818,-0.013466345817245574,-1.5783091431345275,-1.5776651610035763
0.05596012236319995,-0.010657810721121872,-1.5775520284705107,-1.5784913365869075
0.10845754380670336,-0.01556853792946851,-1.5758766179188854,-1.5777166662440825
-0.12669345065791976,-0.018694614518002875,-1.5783690417841054,-1.5761828957515633
-0.11810265957673116,-0.011345926780577331,-1.5805568236761984,-1.5787153484572043
0.11526604191871244,-0.003359214962222419,-1.5782509554050308,-1.5807837960969984
0.06274634319601678,-0.014549228755284324,-1.5766777131136123,-1.5783351811746191
-0.36848807842044357,-0.014475662945744986,-1.5827881626256883,-1.5769189755396043
0.25338323575155447,0.002826485188133096,-1.5779756799524152,-1.5830630974567315
-0.16416030618643812,-0.013476060521344977,-1.5811267892690923,-1.577921424669779
0.10403312949048506,-0.0014911003124698382,-1.5790220693355719,-1.5813994267773892
-0.07995887643052475,-0.011839248922402096,-1.5810048256786766,-1.5790590444499648
0.22474859655043894,-0.00894932253537973,-1.5775945638258735,-1.5811844705778466
0.08611620560076004,-0.019171943268449988,-1.5757672422253248,-1.5777844617697634
-0.472004407906015,-0.024118119185277294,-1.5849805641208463,-1.5761414702658605
0.10273184004388491,0.009271839167906774,-1.5829830473736246,-1.5854495165601632
-0.06023546044753898,0.00537120777264703,-1.5842768382853607,-1.5827838985473122
0.1343105377924747,0.011123691787516925,-1.5816060327346468,-1.5841700301988992
-0.06436289978689662,0.003393452395467294,-1.5829653357384403,-1.5813711075260235
0.00863769289807009,0.003911964661490515,-1.5828043967453937,-1.5829021083445143
0.20224294766565132,0.0050692219771942505,-1.5788861151496252,-1.582728605825051
-0.051721159717522946,-0.014606324768714492,-1.5801485551559769,-1.5787623826451718
-0.036157155384270834,-0.005211043252963645,-1.5807714665832153,-1.5804001912847512
0.15178122734481253,-0.009863900289688034,-1.5776279700994693,-1.5808793909716847
-0.06312148630377931,-0.014601171892491879,-1.5787019508477849,-1.5777957994652647
-0.11074904943601785,-0.011251529575044448,-1.5810490056884137,-1.5790113869228
-0.05183697461222344,0.0006000267538582187,-1.5824403456885412,-1.581351004469737
0.15257315972835794,-3.471078313797527e-05,-1.5798145242089843,-1.5824300190810212
-0.06185122872731605,-0.007662098197924534,-1.5807578271739646,-1.5798150535886801
0.03588371393373461,-0.006583756658968301,-1.5800388103906955,-1.580911355797271
-0.08771977168122096,-0.010123978445061549,-1.5817350004242892,-1.5801661169512864
0.165138867165772,-0.007672274124568494,-1.5777462448420287,-1.5819795344714853
-0.3000805532728152,-0.02619438880868884,-1.582959641352257,-1.5778795377419195
0.10398851950505396,-0.008392282617830779,-1.5809228884450144,-1.5834726931565666
-0.2857546936580019,-0.015967223354198135,-1.5862980120199488,-1.581080749565576
0.14142990156144727,-3.34550464105765e-05,-1.5834768349798392,-1.5866165186682872
-0.15177434859856012,-0.004782796039754927,-1.5867174203104197,-1.5834775492898239
0.04776980057801331,0.010238793751254626,-1.5855689781347728,-1.5868324043510293
-0.20584664520710272,0.0047264912174545745,-1.5887856755097864,-1.585408979894579
0.22803137228876427,0.013325666760035713,-1.584438714392347,-1.5886955744270363
0.05776990416763161,0.0012017275728438389,-1.5832825874196892,-1.584172032925727
-0.0204261178960579,-0.009275436712571729,-1.5837289100641465,-1.5832563289680852
-0.05125422451417583,-0.00659056797796005,-1.5847833947991055,-1.5839197393375615
0.0904218178724709,-0.006339496458079553,-1.5828642370388089,-1.5849232763009073
0.2341904093864428,-0.009426502808608522,-1.578924104273236,-1.582970895794721
-0.18112219606876453,-0.026081964356637448,-1.5824769339106113,-1.5791090112547221
-0.053755039561678104,-0.012920115590876215,-1.583778841970636,-1.5831086201654083
0.017251330324034333,-0.007090725181944318,-1.5833872273155842,-1.5840721356769945
-0.04071463400830455,-0.008398887353734593,-1.5841282013026285,-1.583516272879595
-0.24743553246238678,-0.008142990452279748,-1.5881111290957017,-1.5842633967676418
0.044490424486128645,0.009179448385261964,-1.5871780328845613,-1.5882819117669424
0.0435151310268549,0.0057764343397003325,-1.5860101606298485,-1.5869316720709836
0.12657278620023155,0.0033593788803995047,-1.5833492466865597,-1.5858887238254735
-0.09140014510085008,-0.008990600517305068,-1.5851640204091735,-1.5832825453425987
0.07926065230944117,-0.0039025243971809185,-1.5833403071608187,-1.5853708856922153
-0.0027424936269566462,-0.006170697627977197,-1.5833868300556904,-1.583406508493241
-0.07626266698400863,-0.006916199685097857,-1.5849999031100406,-1.5835173498298325
-0.08809488003196314,0.001597891814481247,-1.5867400814567718,-1.5851365219570077
0.14789727496196511,0.0035245791955855373,-1.5838494881635146,-1.586708851298113
0.08775277660491204,-0.0025657027503600436,-1.5819349467200858,-1.5837725908481057
-0.08829378073958741,-0.011320186350965378,-1.5835021845683825,-1.581980488619234
-0.10617439229869452,-0.004038873848274815,-1.5857053333828062,-1.5837370816523049
0.099248578542507,0.001973386617005856,-1.5832992148800662,-1.5858032492344918
-0.04888686435416262,-0.0028348892192106715,-1.5841028874490903,-1.5832667735133898
0.011314631514886564,0.001819392605999613,-1.5838678385653768,-1.5841617791191858
-0.05246662794208507,-0.0017813991635089014,-1.5848056522201444,-1.5838353178699136
0.0632982474105378,0.0007273509805988758,-1.5834797149448563,-1.5848429680013814
-0.07626248109922927,-0.002733999916574766,-1.5849916899658103,-1.5834652945313281
-0.04894508311932405,0.004279102467767375,-1.5860263705087223,-1.5850494856898691
0.07806295673188104,0.005273777715763288,-1.5844894196899646,-1.5859421209450788
0.04576526899041702,0.001239708722125216,-1.5835968652235537,-1.5843865658455778
0.13100691144458476,-0.002413867060989066,-1.580922850012524,-1.5835715612152106
-0.05052368606410464,-0.006859916431034479,-1.581935382599454,-1.5809712257200421
-0.023239051043260798,-0.002714473112337691,-1.5825141282213078,-1.5821062220452367
-0.07090110322165494,-0.005874533517659063,-1.58362454429261,-1.582556640882354
0.06173584359996666,-0.0006595870879484783,-1.5824663672531043,-1.5837347517416578
0.07724406644048532,-0.0059537056847074644,-1.5809843610574164,-1.5824790221040979
0.05441123795089358,-0.012053488946222433,-1.5801713261614965,-1.5810733237545356
-0.06472827064282735,-0.018728408629388175,-1.581399993896477,-1.5804001246882466
0.07943756980473358,-0.013061868674198437,-1.5799782894575611,-1.5817351786427838
-0.04867692115619849,-0.023356826252990816,-1.581049893278333,-1.5802658415057438
0.13266715899235842,-0.014595141692855914,-1.5787260139955799,-1.5814590257648689
-0.11514101123367286,-0.02766211052301503,-1.5811051753583683,-1.5790275937439946
0.038908865896469004,-0.015738159877306465,-1.5803533072103015,-1.5816397131643762
0.005717952077869872,-0.01872673681415175,-1.5802474536944404,-1.5806446596969104
-0.16533792175591866,-0.016988932833280873,-1.5835343414812704,-1.5806197378133402
-0.07964321973752068,-0.007139234421684922,-1.5853138225809909,-1.5839139279040804
0.10337735194738847,-0.002710263406966198,-1.5831430062429004,-1.5854637390417252
0.3260353360335923,-0.01368160264351178,-1.5772043695579356,-1.5831923728848427
-0.14422255221370942,-0.025927298332971832,-1.5799615921082821,-1.5774659321412803
-0.0707707867399052,-0.016485822827666086,-1.5813557632975803,-1.5804723550094353
-0.03530643887956658,-0.01691352823317769,-1.5821090053301703,-1.581707478596254
-0.08158881580645172,-0.00953374829958748,-1.5837069914631936,-1.58244027112083
0.07713704727421782,-0.007814757818203594,-1.5820563157663206,-1.5839110066177053
-0.001029525568604435,-0.011760284348238116,-1.5820759371897803,-1.5822052549253494
-0.04351782699934793,-0.014314727376432168,-1.5829113483555741,-1.5823016992173184
-0.07615676413550238,-0.01206034948312534,-1.5846223001331488,-1.5832329456362388
0.08756515770696967,-0.0015838059037161394,-1.582870080054121,-1.5848636334108794
0.0961119274803475,-0.011823048060081106,-1.581124173256079,-1.5828988504426313
0.015315902788765075,-0.015375527683531837,-1.58083698255113,-1.5813458689376103
-0.0020389575148835907,-0.015747936862146296,-1.5808843452582007,-1.5811941388961823
-0.05660929897925501,-0.015976865853130497,-1.5825128311276653,-1.5813373678731357
-0.01070743785412267,-0.005411795238123024,-1.582714115858692,-1.5828131736736328
-0.005337769782678128,-0.004391604738679148,-1.5828253711491862,-1.5828269140639024
-0.0074292607432111125,-0.0067475824456232,-1.5830050403060922,-1.5829315776679955
-0.07385401701235364,-0.002931734781864733,-1.5842248462687814,-1.5831164863943874
0.22865121164715974,-0.0004649215108361325,-1.5799776062262307,-1.5842793038037752
-0.28722431457191183,-0.013113101103963635,-1.5854817920774105,-1.5799865156892254
0.1239840868847086,0.007746400751792596,-1.5824692917249068,-1.5858004073343412
-0.09438347658989801,-0.004532322254915155,-1.584110306546512,-1.5823346075735376
0.006451461537337706,0.0018797126847232364,-1.5839740466036925,-1.5842060327579637
-0.033680757549780484,0.0021164098760941647,-1.584553170709559,-1.583941725866066
0.1479004934684179,0.001025093056938826,-1.5814472033629658,-1.5845087252867414
-0.08523428605385429,-0.006734363289865518,-1.5834458980142216,-1.5814231655243824
-0.14492623562267792,0.0004220811803685008,-1.5858742558331413,-1.5835587377887463
0.16783611727488723,0.009165295931296571,-1.5824404273048063,-1.5858656202997297
-0.11630689590983428,0.0028623225225252215,-1.5847222509042946,-1.5822606134735735
-0.009751882618906258,0.009612466647476418,-1.5849431334041233,-1.5846574186069016
0.09250630500079117,0.010952952636948517,-1.5834349091168103,-1.5847864115930144
0.06821277235190826,0.005783638572642892,-1.5819741003983756,-1.5832003464659608
-0.07293859160570289,0.0009436100399558619,-1.5833231926430433,-1.5818671246291354
0.013053691301831637,0.00786651020856835,-1.583049212596205,-1.58330338749238
-0.030421363213039378,0.006725213348955062,-1.5837313081859963,-1.582872832863228
0.046449094338138965,0.005241554375837118,-1.582883933901378,-1.5836086196184003
0.020820970696393697,0.0023885863146991715,-1.5823416847193803,-1.5827474259251584
0.049395747156132055,-0.0010965291368920103,-1.581660287153847,-1.5823087349819311
0.004620674502633701,0.000754765862495482,-1.5815900313318902,-1.5816769595153752
-0.08295109754640188,-0.0019135040196123906,-1.5828622712920988,-1.5815784553151855
0.05418745390167529,0.003838843184864759,-1.5816749363341702,-1.582904199267138
0.22168696262112267,0.00037225735119844443,-1.5782210141498543,-1.5816151264766958
-0.07329471507934729,-0.017371043477787958,-1.5798889684182165,-1.5782125427581968
-0.07521875849574186,-0.011246546888248665,-1.5812161407506171,-1.580195466009372
-0.06287936178884504,-0.005115527214809553,-1.5825585343140447,-1.5814562400729395
0.05871122821419731,-0.0037059684196606964,-1.581263131502845,-1.5826714031559408
0.19004754865723486,-0.006270710364373922,-1.5780901474535676,-1.5813250053800183
-0.09657959692500168,-0.02070392709309121,-1.5804900248421199,-1.5782459664515005
0.03211603765874949,-0.009529041397150526,-1.5799990235225136,-1.5808065537873077
0.04844460031794916,-0.010698136858364543,-1.5788870152406125,-1.5802177552879253
-0.1642612115806784,-0.01978498897337387,-1.5816954668943013,-1.5790699263482448
-0.03056920501994838,-0.004527669995220649,-1.5823994041069716,-1.582151068863065
-0.07321478776954517,-0.007795760467877738,-1.5836455188508014,-1.5824764649919119
0.028754965837797655,0.00589110540909878,-1.5830621589421958,-1.5838036735896979
-0.012170404566343983,5.3702601192826514e-06,-1.5833043423048527,-1.5829449296660478
0.08779346735585421,-0.004189069076302925,-1.5815081603827172,-1.5833042324337605
0.066503658716079,-0.011634778853378467,-1.5802609186944838,-1.5815867242044337
-0.2223183180585918,-0.01769633601460592,-1.5847184648317627,-1.5804941993525459
0.16709114281119228,-0.00027634860719873036,-1.5808369647503373,-1.5851295478402692
-0.07876992475050577,-0.018678989284639715,-1.582273256701277,-1.5808420036948512
-0.04066885483438559,-0.013472331220606702,-1.5830383846784053,-1.5826246759223088
0.010661806597269459,-0.008313360407130179,-1.5828233769947904,-1.5833100698475377
0.10252948543694472,-0.011707725284860405,-1.5807114569016534,-1.5829946170318439
0.008842890243260017,-0.009455975369196453,-1.580480419932369,-1.5810173430194971
-0.04593780096924597,-0.010266517761029716,-1.5811052886492523,-1.5806090447918781
-0.021098065144206306,-0.006610650038053422,-1.5815283461269383,-1.5813111524134844
0.02336357617053739,-0.005937298491253004,-1.5810633254546482,-1.5816599222564884
-0.10415934425719417,-0.0013279015083684296,-1.583307034244864,-1.5811912215057415
-0.053224239070711415,8.773575314171875e-05,-1.5842337718880042,-1.5833301555958814
-0.049063185424091646,0.009994320830102073,-1.585350995574382,-1.5842317740466347
0.26378087411572354,0.012865711415303313,-1.5804532907028443,-1.5851654277845209
-0.056554452608190316,-0.01600507043028663,-1.5815899339327975,-1.5801947129409828
0.0824083624556167,-0.0038112624502621996,-1.5798199526104668,-1.5819336936542632
-0.15401426395204676,-0.006303831550138086,-1.5825010900522742,-1.5798863004810715
-0.09253946977021626,0.005844322808640907,-1.5844808807972681,-1.5826359543149715
0.27489285937082286,0.020668495779593735,-1.5794209642259216,-1.5843733051188913
0.14503836125670297,-0.023546190034629988,-1.576315556274019,-1.578978432259953
-0.20526675124762728,-0.026061439552262207,-1.580449516937013,-1.576789763727369
-0.2047260643103174,0.015396548238587649,-1.5842074859390967,-1.5809279029320595
0.06533194209442436,0.043012800789849606,-1.582813558484618,-1.5838789839750351
-0.06287925885966754,0.04673173528831978,-1.5839836066061228,-1.5820131825311234
0.08106992508925974,0.04230540951523917,-1.5822570621952925,-1.582988361867934
0.16434452907790092,0.015874252001140853,-1.578556522043767,-1.581304472733287
-0.13944607000407797,-0.041489445405738484,-1.5808904952146259,-1.5782908273685636
0.043339330554913326,0.04081941262254924,-1.5797214617251623,-1.5820096299709214
0.04231542351900854,0.059038779059694006,-1.5791056121353684,-1.579127384756798
-0.039610019180044705,0.02442400073411387,-1.5798328858825919,-1.57802160978023
